ultralytics.utils.metrics.DetMetrics object with attributes:

ap_class_index: array([0])
box: ultralytics.utils.metrics.Metric object
confusion_matrix: <ultralytics.utils.metrics.ConfusionMatrix object at 0x000001B096BF4560>
curves: ['Precision-Recall(B)', 'F1-Confidence(B)', 'Precision-Confidence(B)', 'Recall-Confidence(B)']
curves_results: [[array([          0,    0.001001,    0.002002,    0.003003,    0.004004,    0.005005,    0.006006,    0.007007,    0.008008,    0.009009,     0.01001,    0.011011,    0.012012,    0.013013,    0.014014,    0.015015,    0.016016,    0.017017,    0.018018,    0.019019,     0.02002,    0.021021,    0.022022,    0.023023,
          0.024024,    0.025025,    0.026026,    0.027027,    0.028028,    0.029029,     0.03003,    0.031031,    0.032032,    0.033033,    0.034034,    0.035035,    0.036036,    0.037037,    0.038038,    0.039039,     0.04004,    0.041041,    0.042042,    0.043043,    0.044044,    0.045045,    0.046046,    0.047047,
          0.048048,    0.049049,     0.05005,    0.051051,    0.052052,    0.053053,    0.054054,    0.055055,    0.056056,    0.057057,    0.058058,    0.059059,     0.06006,    0.061061,    0.062062,    0.063063,    0.064064,    0.065065,    0.066066,    0.067067,    0.068068,    0.069069,     0.07007,    0.071071,
          0.072072,    0.073073,    0.074074,    0.075075,    0.076076,    0.077077,    0.078078,    0.079079,     0.08008,    0.081081,    0.082082,    0.083083,    0.084084,    0.085085,    0.086086,    0.087087,    0.088088,    0.089089,     0.09009,    0.091091,    0.092092,    0.093093,    0.094094,    0.095095,
          0.096096,    0.097097,    0.098098,    0.099099,      0.1001,      0.1011,      0.1021,      0.1031,      0.1041,     0.10511,     0.10611,     0.10711,     0.10811,     0.10911,     0.11011,     0.11111,     0.11211,     0.11311,     0.11411,     0.11512,     0.11612,     0.11712,     0.11812,     0.11912,
           0.12012,     0.12112,     0.12212,     0.12312,     0.12412,     0.12513,     0.12613,     0.12713,     0.12813,     0.12913,     0.13013,     0.13113,     0.13213,     0.13313,     0.13413,     0.13514,     0.13614,     0.13714,     0.13814,     0.13914,     0.14014,     0.14114,     0.14214,     0.14314,
           0.14414,     0.14515,     0.14615,     0.14715,     0.14815,     0.14915,     0.15015,     0.15115,     0.15215,     0.15315,     0.15415,     0.15516,     0.15616,     0.15716,     0.15816,     0.15916,     0.16016,     0.16116,     0.16216,     0.16316,     0.16416,     0.16517,     0.16617,     0.16717,
           0.16817,     0.16917,     0.17017,     0.17117,     0.17217,     0.17317,     0.17417,     0.17518,     0.17618,     0.17718,     0.17818,     0.17918,     0.18018,     0.18118,     0.18218,     0.18318,     0.18418,     0.18519,     0.18619,     0.18719,     0.18819,     0.18919,     0.19019,     0.19119,
           0.19219,     0.19319,     0.19419,      0.1952,      0.1962,      0.1972,      0.1982,      0.1992,      0.2002,      0.2012,      0.2022,      0.2032,      0.2042,     0.20521,     0.20621,     0.20721,     0.20821,     0.20921,     0.21021,     0.21121,     0.21221,     0.21321,     0.21421,     0.21522,
           0.21622,     0.21722,     0.21822,     0.21922,     0.22022,     0.22122,     0.22222,     0.22322,     0.22422,     0.22523,     0.22623,     0.22723,     0.22823,     0.22923,     0.23023,     0.23123,     0.23223,     0.23323,     0.23423,     0.23524,     0.23624,     0.23724,     0.23824,     0.23924,
           0.24024,     0.24124,     0.24224,     0.24324,     0.24424,     0.24525,     0.24625,     0.24725,     0.24825,     0.24925,     0.25025,     0.25125,     0.25225,     0.25325,     0.25425,     0.25526,     0.25626,     0.25726,     0.25826,     0.25926,     0.26026,     0.26126,     0.26226,     0.26326,
           0.26426,     0.26527,     0.26627,     0.26727,     0.26827,     0.26927,     0.27027,     0.27127,     0.27227,     0.27327,     0.27427,     0.27528,     0.27628,     0.27728,     0.27828,     0.27928,     0.28028,     0.28128,     0.28228,     0.28328,     0.28428,     0.28529,     0.28629,     0.28729,
           0.28829,     0.28929,     0.29029,     0.29129,     0.29229,     0.29329,     0.29429,      0.2953,      0.2963,      0.2973,      0.2983,      0.2993,      0.3003,      0.3013,      0.3023,      0.3033,      0.3043,     0.30531,     0.30631,     0.30731,     0.30831,     0.30931,     0.31031,     0.31131,
           0.31231,     0.31331,     0.31431,     0.31532,     0.31632,     0.31732,     0.31832,     0.31932,     0.32032,     0.32132,     0.32232,     0.32332,     0.32432,     0.32533,     0.32633,     0.32733,     0.32833,     0.32933,     0.33033,     0.33133,     0.33233,     0.33333,     0.33433,     0.33534,
           0.33634,     0.33734,     0.33834,     0.33934,     0.34034,     0.34134,     0.34234,     0.34334,     0.34434,     0.34535,     0.34635,     0.34735,     0.34835,     0.34935,     0.35035,     0.35135,     0.35235,     0.35335,     0.35435,     0.35536,     0.35636,     0.35736,     0.35836,     0.35936,
           0.36036,     0.36136,     0.36236,     0.36336,     0.36436,     0.36537,     0.36637,     0.36737,     0.36837,     0.36937,     0.37037,     0.37137,     0.37237,     0.37337,     0.37437,     0.37538,     0.37638,     0.37738,     0.37838,     0.37938,     0.38038,     0.38138,     0.38238,     0.38338,
           0.38438,     0.38539,     0.38639,     0.38739,     0.38839,     0.38939,     0.39039,     0.39139,     0.39239,     0.39339,     0.39439,      0.3954,      0.3964,      0.3974,      0.3984,      0.3994,      0.4004,      0.4014,      0.4024,      0.4034,      0.4044,     0.40541,     0.40641,     0.40741,
           0.40841,     0.40941,     0.41041,     0.41141,     0.41241,     0.41341,     0.41441,     0.41542,     0.41642,     0.41742,     0.41842,     0.41942,     0.42042,     0.42142,     0.42242,     0.42342,     0.42442,     0.42543,     0.42643,     0.42743,     0.42843,     0.42943,     0.43043,     0.43143,
           0.43243,     0.43343,     0.43443,     0.43544,     0.43644,     0.43744,     0.43844,     0.43944,     0.44044,     0.44144,     0.44244,     0.44344,     0.44444,     0.44545,     0.44645,     0.44745,     0.44845,     0.44945,     0.45045,     0.45145,     0.45245,     0.45345,     0.45445,     0.45546,
           0.45646,     0.45746,     0.45846,     0.45946,     0.46046,     0.46146,     0.46246,     0.46346,     0.46446,     0.46547,     0.46647,     0.46747,     0.46847,     0.46947,     0.47047,     0.47147,     0.47247,     0.47347,     0.47447,     0.47548,     0.47648,     0.47748,     0.47848,     0.47948,
           0.48048,     0.48148,     0.48248,     0.48348,     0.48448,     0.48549,     0.48649,     0.48749,     0.48849,     0.48949,     0.49049,     0.49149,     0.49249,     0.49349,     0.49449,      0.4955,      0.4965,      0.4975,      0.4985,      0.4995,      0.5005,      0.5015,      0.5025,      0.5035,
            0.5045,     0.50551,     0.50651,     0.50751,     0.50851,     0.50951,     0.51051,     0.51151,     0.51251,     0.51351,     0.51451,     0.51552,     0.51652,     0.51752,     0.51852,     0.51952,     0.52052,     0.52152,     0.52252,     0.52352,     0.52452,     0.52553,     0.52653,     0.52753,
           0.52853,     0.52953,     0.53053,     0.53153,     0.53253,     0.53353,     0.53453,     0.53554,     0.53654,     0.53754,     0.53854,     0.53954,     0.54054,     0.54154,     0.54254,     0.54354,     0.54454,     0.54555,     0.54655,     0.54755,     0.54855,     0.54955,     0.55055,     0.55155,
           0.55255,     0.55355,     0.55455,     0.55556,     0.55656,     0.55756,     0.55856,     0.55956,     0.56056,     0.56156,     0.56256,     0.56356,     0.56456,     0.56557,     0.56657,     0.56757,     0.56857,     0.56957,     0.57057,     0.57157,     0.57257,     0.57357,     0.57457,     0.57558,
           0.57658,     0.57758,     0.57858,     0.57958,     0.58058,     0.58158,     0.58258,     0.58358,     0.58458,     0.58559,     0.58659,     0.58759,     0.58859,     0.58959,     0.59059,     0.59159,     0.59259,     0.59359,     0.59459,      0.5956,      0.5966,      0.5976,      0.5986,      0.5996,
            0.6006,      0.6016,      0.6026,      0.6036,      0.6046,     0.60561,     0.60661,     0.60761,     0.60861,     0.60961,     0.61061,     0.61161,     0.61261,     0.61361,     0.61461,     0.61562,     0.61662,     0.61762,     0.61862,     0.61962,     0.62062,     0.62162,     0.62262,     0.62362,
           0.62462,     0.62563,     0.62663,     0.62763,     0.62863,     0.62963,     0.63063,     0.63163,     0.63263,     0.63363,     0.63463,     0.63564,     0.63664,     0.63764,     0.63864,     0.63964,     0.64064,     0.64164,     0.64264,     0.64364,     0.64464,     0.64565,     0.64665,     0.64765,
           0.64865,     0.64965,     0.65065,     0.65165,     0.65265,     0.65365,     0.65465,     0.65566,     0.65666,     0.65766,     0.65866,     0.65966,     0.66066,     0.66166,     0.66266,     0.66366,     0.66466,     0.66567,     0.66667,     0.66767,     0.66867,     0.66967,     0.67067,     0.67167,
           0.67267,     0.67367,     0.67467,     0.67568,     0.67668,     0.67768,     0.67868,     0.67968,     0.68068,     0.68168,     0.68268,     0.68368,     0.68468,     0.68569,     0.68669,     0.68769,     0.68869,     0.68969,     0.69069,     0.69169,     0.69269,     0.69369,     0.69469,      0.6957,
            0.6967,      0.6977,      0.6987,      0.6997,      0.7007,      0.7017,      0.7027,      0.7037,      0.7047,     0.70571,     0.70671,     0.70771,     0.70871,     0.70971,     0.71071,     0.71171,     0.71271,     0.71371,     0.71471,     0.71572,     0.71672,     0.71772,     0.71872,     0.71972,
           0.72072,     0.72172,     0.72272,     0.72372,     0.72472,     0.72573,     0.72673,     0.72773,     0.72873,     0.72973,     0.73073,     0.73173,     0.73273,     0.73373,     0.73473,     0.73574,     0.73674,     0.73774,     0.73874,     0.73974,     0.74074,     0.74174,     0.74274,     0.74374,
           0.74474,     0.74575,     0.74675,     0.74775,     0.74875,     0.74975,     0.75075,     0.75175,     0.75275,     0.75375,     0.75475,     0.75576,     0.75676,     0.75776,     0.75876,     0.75976,     0.76076,     0.76176,     0.76276,     0.76376,     0.76476,     0.76577,     0.76677,     0.76777,
           0.76877,     0.76977,     0.77077,     0.77177,     0.77277,     0.77377,     0.77477,     0.77578,     0.77678,     0.77778,     0.77878,     0.77978,     0.78078,     0.78178,     0.78278,     0.78378,     0.78478,     0.78579,     0.78679,     0.78779,     0.78879,     0.78979,     0.79079,     0.79179,
           0.79279,     0.79379,     0.79479,      0.7958,      0.7968,      0.7978,      0.7988,      0.7998,      0.8008,      0.8018,      0.8028,      0.8038,      0.8048,     0.80581,     0.80681,     0.80781,     0.80881,     0.80981,     0.81081,     0.81181,     0.81281,     0.81381,     0.81481,     0.81582,
           0.81682,     0.81782,     0.81882,     0.81982,     0.82082,     0.82182,     0.82282,     0.82382,     0.82482,     0.82583,     0.82683,     0.82783,     0.82883,     0.82983,     0.83083,     0.83183,     0.83283,     0.83383,     0.83483,     0.83584,     0.83684,     0.83784,     0.83884,     0.83984,
           0.84084,     0.84184,     0.84284,     0.84384,     0.84484,     0.84585,     0.84685,     0.84785,     0.84885,     0.84985,     0.85085,     0.85185,     0.85285,     0.85385,     0.85485,     0.85586,     0.85686,     0.85786,     0.85886,     0.85986,     0.86086,     0.86186,     0.86286,     0.86386,
           0.86486,     0.86587,     0.86687,     0.86787,     0.86887,     0.86987,     0.87087,     0.87187,     0.87287,     0.87387,     0.87487,     0.87588,     0.87688,     0.87788,     0.87888,     0.87988,     0.88088,     0.88188,     0.88288,     0.88388,     0.88488,     0.88589,     0.88689,     0.88789,
           0.88889,     0.88989,     0.89089,     0.89189,     0.89289,     0.89389,     0.89489,      0.8959,      0.8969,      0.8979,      0.8989,      0.8999,      0.9009,      0.9019,      0.9029,      0.9039,      0.9049,     0.90591,     0.90691,     0.90791,     0.90891,     0.90991,     0.91091,     0.91191,
           0.91291,     0.91391,     0.91491,     0.91592,     0.91692,     0.91792,     0.91892,     0.91992,     0.92092,     0.92192,     0.92292,     0.92392,     0.92492,     0.92593,     0.92693,     0.92793,     0.92893,     0.92993,     0.93093,     0.93193,     0.93293,     0.93393,     0.93493,     0.93594,
           0.93694,     0.93794,     0.93894,     0.93994,     0.94094,     0.94194,     0.94294,     0.94394,     0.94494,     0.94595,     0.94695,     0.94795,     0.94895,     0.94995,     0.95095,     0.95195,     0.95295,     0.95395,     0.95495,     0.95596,     0.95696,     0.95796,     0.95896,     0.95996,
           0.96096,     0.96196,     0.96296,     0.96396,     0.96496,     0.96597,     0.96697,     0.96797,     0.96897,     0.96997,     0.97097,     0.97197,     0.97297,     0.97397,     0.97497,     0.97598,     0.97698,     0.97798,     0.97898,     0.97998,     0.98098,     0.98198,     0.98298,     0.98398,
           0.98498,     0.98599,     0.98699,     0.98799,     0.98899,     0.98999,     0.99099,     0.99199,     0.99299,     0.99399,     0.99499,       0.996,       0.997,       0.998,       0.999,           1]), array([[          1,           1,           1,           1,           1,           1,           1,           1,           1,           1,           1,           1,           1,           1,           1,           1,           1,           1,           1,           1,           1,           1,           1,
                  1,           1,           1,           1,           1,           1,           1,           1,           1,           1,           1,           1,           1,           1,           1,           1,           1,           1,           1,           1,           1,           1,           1,
                  1,           1,           1,           1,           1,           1,           1,           1,           1,           1,           1,           1,           1,           1,           1,           1,           1,           1,           1,           1,           1,           1,           1,
                  1,           1,           1,           1,           1,           1,           1,           1,           1,           1,           1,           1,           1,           1,           1,           1,           1,           1,           1,           1,           1,           1,           1,
                  1,           1,           1,           1,           1,           1,           1,           1,           1,           1,           1,           1,           1,           1,           1,           1,           1,           1,           1,           1,           1,           1,           1,
                  1,           1,           1,           1,           1,           1,           1,           1,           1,           1,           1,           1,           1,           1,           1,           1,           1,           1,           1,           1,           1,           1,           1,
                  1,           1,           1,           1,           1,           1,           1,           1,           1,           1,           1,           1,           1,           1,           1,           1,           1,           1,           1,           1,           1,           1,           1,
                  1,           1,           1,           1,           1,           1,           1,           1,           1,           1,           1,           1,           1,           1,           1,           1,           1,           1,           1,           1,           1,           1,           1,
                  1,           1,           1,           1,           1,           1,           1,           1,           1,           1,           1,           1,           1,           1,           1,           1,           1,           1,           1,           1,           1,           1,           1,
                  1,           1,           1,           1,           1,           1,           1,           1,           1,           1,           1,           1,           1,           1,           1,           1,           1,           1,           1,           1,           1,           1,           1,
                  1,           1,           1,           1,           1,           1,           1,           1,           1,           1,           1,           1,           1,           1,           1,           1,           1,           1,           1,           1,           1,           1,           1,
                  1,           1,           1,           1,           1,           1,           1,           1,           1,           1,           1,           1,           1,           1,           1,           1,           1,           1,           1,           1,           1,           1,           1,
                  1,           1,           1,           1,           1,           1,           1,           1,           1,           1,           1,           1,           1,           1,           1,           1,           1,           1,           1,           1,           1,           1,           1,
                  1,           1,           1,           1,           1,           1,           1,           1,           1,           1,           1,           1,           1,           1,           1,           1,           1,           1,           1,           1,           1,           1,           1,
                  1,           1,           1,           1,           1,           1,           1,           1,           1,           1,           1,           1,           1,           1,           1,           1,           1,           1,           1,           1,           1,           1,           1,
                  1,           1,           1,           1,           1,           1,           1,           1,           1,           1,           1,           1,           1,           1,           1,           1,           1,           1,           1,           1,           1,           1,           1,
                  1,           1,           1,           1,           1,           1,           1,           1,           1,           1,           1,           1,           1,           1,           1,           1,           1,           1,           1,           1,           1,           1,           1,
                  1,           1,           1,           1,           1,           1,           1,           1,           1,           1,           1,           1,           1,           1,           1,           1,           1,           1,           1,           1,           1,           1,           1,
                  1,           1,           1,           1,           1,           1,           1,           1,           1,           1,           1,           1,           1,           1,           1,           1,           1,           1,           1,           1,           1,           1,           1,
                  1,           1,           1,           1,           1,           1,           1,           1,           1,           1,           1,           1,           1,           1,           1,           1,           1,           1,           1,           1,           1,           1,           1,
                  1,           1,           1,           1,           1,           1,           1,           1,           1,           1,           1,           1,           1,           1,           1,           1,           1,           1,           1,           1,           1,           1,           1,
                  1,           1,           1,           1,           1,           1,           1,           1,           1,           1,           1,           1,           1,           1,           1,           1,           1,           1,           1,           1,           1,           1,           1,
                  1,           1,           1,           1,           1,           1,           1,           1,           1,           1,           1,           1,           1,           1,           1,           1,           1,           1,           1,           1,           1,           1,           1,
                  1,           1,           1,           1,           1,           1,           1,           1,           1,           1,           1,           1,           1,           1,           1,           1,           1,           1,           1,           1,           1,           1,           1,
                  1,           1,           1,           1,           1,           1,           1,           1,           1,           1,           1,           1,           1,           1,           1,           1,           1,           1,           1,           1,           1,           1,           1,
                  1,           1,           1,           1,           1,           1,           1,           1,           1,           1,           1,           1,           1,           1,           1,           1,           1,           1,           1,           1,           1,           1,           1,
                  1,           1,           1,           1,           1,           1,           1,           1,           1,           1,           1,           1,           1,           1,           1,           1,           1,           1,           1,           1,           1,           1,           1,
                  1,           1,           1,           1,           1,           1,           1,           1,           1,           1,           1,           1,           1,           1,           1,      0.9697,      0.9697,      0.9697,      0.9697,      0.9697,      0.9697,      0.9697,      0.9697,
             0.9697,      0.9697,      0.9697,      0.9697,      0.9697,      0.9697,      0.9697,      0.9697,      0.9697,      0.9697,      0.9697,      0.9697,      0.9697,      0.9697,      0.9697,      0.9697,      0.9697,      0.9697,      0.9697,      0.9697,      0.9697,      0.9697,      0.9697,
             0.9697,      0.9697,      0.9697,      0.9697,      0.9697,      0.9697,      0.9697,      0.9697,      0.9697,      0.9697,      0.9697,      0.9697,      0.9697,      0.9697,      0.9697,      0.9697,      0.9697,      0.9697,      0.9697,      0.9697,      0.9697,      0.9697,      0.9697,
             0.9697,      0.9697,      0.9697,      0.9697,      0.9697,      0.9697,      0.9697,      0.9697,      0.9697,      0.9697,      0.9697,      0.9697,      0.9697,      0.9697,      0.9697,      0.9697,      0.9697,      0.9697,      0.9697,      0.9697,      0.9697,      0.9697,      0.9697,
             0.9697,      0.9697,      0.9697,      0.9697,      0.9697,      0.9697,      0.9697,      0.9697,      0.9697,      0.9697,      0.9697,      0.9697,      0.9697,      0.9697,     0.94286,     0.94286,     0.94286,     0.94286,     0.94286,     0.94286,     0.94286,     0.94286,     0.94286,
            0.94286,     0.94286,     0.94286,     0.94286,     0.94286,     0.94286,     0.94286,     0.94286,     0.94286,     0.94286,     0.94286,     0.94286,     0.94286,     0.94286,     0.92105,     0.92105,     0.92105,     0.92105,     0.92105,     0.92105,     0.92105,     0.92105,     0.92105,
            0.92105,     0.92105,     0.92105,     0.92105,     0.92105,     0.92105,     0.92105,     0.92105,     0.92105,     0.92105,     0.92105,     0.92105,     0.92105,     0.92105,     0.92105,     0.92105,     0.92105,     0.92105,     0.92105,     0.92105,     0.92105,     0.92105,     0.92105,
            0.92105,     0.92105,     0.92105,     0.92105,     0.92105,     0.92105,     0.92105,     0.92105,     0.92105,     0.92105,     0.92105,     0.92105,     0.92105,         0.9,         0.9,         0.9,         0.9,         0.9,         0.9,         0.9,         0.9,         0.9,         0.9,
                0.9,         0.9,         0.9,         0.9,         0.9,         0.9,         0.9,         0.9,         0.9,         0.9,         0.9,         0.9,         0.9,     0.84783,     0.84783,     0.84783,     0.84783,     0.84783,     0.84783,     0.84783,     0.84783,     0.84783,     0.84783,
            0.84783,     0.84783,     0.84783,     0.84783,     0.84783,     0.84783,     0.84783,     0.84783,     0.84783,     0.84783,     0.84783,     0.84783,     0.84783,     0.84783,     0.84783,     0.84783,     0.84783,     0.84783,     0.84783,     0.84783,     0.84783,     0.84783,     0.84783,
            0.84783,     0.84783,     0.84783,     0.84783,     0.84783,     0.84783,     0.84783,     0.84783,     0.84783,     0.84783,     0.84783,     0.84783,     0.84783,     0.84783,     0.84783,     0.84783,     0.84783,     0.84783,     0.84783,     0.84783,     0.84783,     0.84783,     0.84783,
            0.84783,     0.84783,     0.84783,     0.84783,     0.84783,     0.84783,     0.84783,     0.84783,     0.84783,     0.84783,     0.84783,     0.84783,     0.83333,     0.83333,     0.83333,     0.83333,     0.83333,     0.83333,     0.83333,     0.83333,     0.83333,     0.83333,     0.83333,
            0.83333,     0.83333,     0.83333,     0.83333,     0.83333,     0.83333,     0.83333,     0.83333,     0.83333,     0.83333,     0.83333,     0.83333,     0.55405,     0.55405,     0.55405,     0.55405,     0.55405,     0.55405,     0.55405,     0.55405,     0.55405,     0.55405,     0.55405,
            0.55405,     0.55405,     0.55405,     0.55405,     0.55405,     0.55405,     0.55405,     0.55405,     0.55405,     0.55405,     0.55405,     0.46739,     0.46739,     0.46739,     0.46739,     0.46739,     0.46739,     0.46739,     0.46739,     0.46739,     0.46739,     0.46739,     0.46739,
            0.46739,     0.46739,     0.46739,     0.46739,     0.46739,     0.46739,     0.46739,     0.46739,     0.46739,     0.46739,     0.46739,     0.46739,     0.46739,     0.46739,     0.46739,     0.46739,     0.46739,     0.46739,     0.46739,     0.46739,     0.46739,     0.46739,     0.46739,
            0.46739,     0.46739,     0.46739,     0.46739,     0.46739,     0.46739,     0.46739,     0.46739,     0.46739,     0.46739,     0.46739,     0.42718,     0.42718,     0.42718,     0.42718,     0.42718,     0.42718,     0.42718,     0.42718,     0.42718,     0.42718,     0.42718,     0.42718,
            0.42718,     0.42718,     0.42718,     0.42718,     0.42718,     0.42718,     0.42718,     0.42718,     0.42718,     0.42718,           0]]), 'Recall', 'Precision'], [array([          0,    0.001001,    0.002002,    0.003003,    0.004004,    0.005005,    0.006006,    0.007007,    0.008008,    0.009009,     0.01001,    0.011011,    0.012012,    0.013013,    0.014014,    0.015015,    0.016016,    0.017017,    0.018018,    0.019019,     0.02002,    0.021021,    0.022022,    0.023023,
          0.024024,    0.025025,    0.026026,    0.027027,    0.028028,    0.029029,     0.03003,    0.031031,    0.032032,    0.033033,    0.034034,    0.035035,    0.036036,    0.037037,    0.038038,    0.039039,     0.04004,    0.041041,    0.042042,    0.043043,    0.044044,    0.045045,    0.046046,    0.047047,
          0.048048,    0.049049,     0.05005,    0.051051,    0.052052,    0.053053,    0.054054,    0.055055,    0.056056,    0.057057,    0.058058,    0.059059,     0.06006,    0.061061,    0.062062,    0.063063,    0.064064,    0.065065,    0.066066,    0.067067,    0.068068,    0.069069,     0.07007,    0.071071,
          0.072072,    0.073073,    0.074074,    0.075075,    0.076076,    0.077077,    0.078078,    0.079079,     0.08008,    0.081081,    0.082082,    0.083083,    0.084084,    0.085085,    0.086086,    0.087087,    0.088088,    0.089089,     0.09009,    0.091091,    0.092092,    0.093093,    0.094094,    0.095095,
          0.096096,    0.097097,    0.098098,    0.099099,      0.1001,      0.1011,      0.1021,      0.1031,      0.1041,     0.10511,     0.10611,     0.10711,     0.10811,     0.10911,     0.11011,     0.11111,     0.11211,     0.11311,     0.11411,     0.11512,     0.11612,     0.11712,     0.11812,     0.11912,
           0.12012,     0.12112,     0.12212,     0.12312,     0.12412,     0.12513,     0.12613,     0.12713,     0.12813,     0.12913,     0.13013,     0.13113,     0.13213,     0.13313,     0.13413,     0.13514,     0.13614,     0.13714,     0.13814,     0.13914,     0.14014,     0.14114,     0.14214,     0.14314,
           0.14414,     0.14515,     0.14615,     0.14715,     0.14815,     0.14915,     0.15015,     0.15115,     0.15215,     0.15315,     0.15415,     0.15516,     0.15616,     0.15716,     0.15816,     0.15916,     0.16016,     0.16116,     0.16216,     0.16316,     0.16416,     0.16517,     0.16617,     0.16717,
           0.16817,     0.16917,     0.17017,     0.17117,     0.17217,     0.17317,     0.17417,     0.17518,     0.17618,     0.17718,     0.17818,     0.17918,     0.18018,     0.18118,     0.18218,     0.18318,     0.18418,     0.18519,     0.18619,     0.18719,     0.18819,     0.18919,     0.19019,     0.19119,
           0.19219,     0.19319,     0.19419,      0.1952,      0.1962,      0.1972,      0.1982,      0.1992,      0.2002,      0.2012,      0.2022,      0.2032,      0.2042,     0.20521,     0.20621,     0.20721,     0.20821,     0.20921,     0.21021,     0.21121,     0.21221,     0.21321,     0.21421,     0.21522,
           0.21622,     0.21722,     0.21822,     0.21922,     0.22022,     0.22122,     0.22222,     0.22322,     0.22422,     0.22523,     0.22623,     0.22723,     0.22823,     0.22923,     0.23023,     0.23123,     0.23223,     0.23323,     0.23423,     0.23524,     0.23624,     0.23724,     0.23824,     0.23924,
           0.24024,     0.24124,     0.24224,     0.24324,     0.24424,     0.24525,     0.24625,     0.24725,     0.24825,     0.24925,     0.25025,     0.25125,     0.25225,     0.25325,     0.25425,     0.25526,     0.25626,     0.25726,     0.25826,     0.25926,     0.26026,     0.26126,     0.26226,     0.26326,
           0.26426,     0.26527,     0.26627,     0.26727,     0.26827,     0.26927,     0.27027,     0.27127,     0.27227,     0.27327,     0.27427,     0.27528,     0.27628,     0.27728,     0.27828,     0.27928,     0.28028,     0.28128,     0.28228,     0.28328,     0.28428,     0.28529,     0.28629,     0.28729,
           0.28829,     0.28929,     0.29029,     0.29129,     0.29229,     0.29329,     0.29429,      0.2953,      0.2963,      0.2973,      0.2983,      0.2993,      0.3003,      0.3013,      0.3023,      0.3033,      0.3043,     0.30531,     0.30631,     0.30731,     0.30831,     0.30931,     0.31031,     0.31131,
           0.31231,     0.31331,     0.31431,     0.31532,     0.31632,     0.31732,     0.31832,     0.31932,     0.32032,     0.32132,     0.32232,     0.32332,     0.32432,     0.32533,     0.32633,     0.32733,     0.32833,     0.32933,     0.33033,     0.33133,     0.33233,     0.33333,     0.33433,     0.33534,
           0.33634,     0.33734,     0.33834,     0.33934,     0.34034,     0.34134,     0.34234,     0.34334,     0.34434,     0.34535,     0.34635,     0.34735,     0.34835,     0.34935,     0.35035,     0.35135,     0.35235,     0.35335,     0.35435,     0.35536,     0.35636,     0.35736,     0.35836,     0.35936,
           0.36036,     0.36136,     0.36236,     0.36336,     0.36436,     0.36537,     0.36637,     0.36737,     0.36837,     0.36937,     0.37037,     0.37137,     0.37237,     0.37337,     0.37437,     0.37538,     0.37638,     0.37738,     0.37838,     0.37938,     0.38038,     0.38138,     0.38238,     0.38338,
           0.38438,     0.38539,     0.38639,     0.38739,     0.38839,     0.38939,     0.39039,     0.39139,     0.39239,     0.39339,     0.39439,      0.3954,      0.3964,      0.3974,      0.3984,      0.3994,      0.4004,      0.4014,      0.4024,      0.4034,      0.4044,     0.40541,     0.40641,     0.40741,
           0.40841,     0.40941,     0.41041,     0.41141,     0.41241,     0.41341,     0.41441,     0.41542,     0.41642,     0.41742,     0.41842,     0.41942,     0.42042,     0.42142,     0.42242,     0.42342,     0.42442,     0.42543,     0.42643,     0.42743,     0.42843,     0.42943,     0.43043,     0.43143,
           0.43243,     0.43343,     0.43443,     0.43544,     0.43644,     0.43744,     0.43844,     0.43944,     0.44044,     0.44144,     0.44244,     0.44344,     0.44444,     0.44545,     0.44645,     0.44745,     0.44845,     0.44945,     0.45045,     0.45145,     0.45245,     0.45345,     0.45445,     0.45546,
           0.45646,     0.45746,     0.45846,     0.45946,     0.46046,     0.46146,     0.46246,     0.46346,     0.46446,     0.46547,     0.46647,     0.46747,     0.46847,     0.46947,     0.47047,     0.47147,     0.47247,     0.47347,     0.47447,     0.47548,     0.47648,     0.47748,     0.47848,     0.47948,
           0.48048,     0.48148,     0.48248,     0.48348,     0.48448,     0.48549,     0.48649,     0.48749,     0.48849,     0.48949,     0.49049,     0.49149,     0.49249,     0.49349,     0.49449,      0.4955,      0.4965,      0.4975,      0.4985,      0.4995,      0.5005,      0.5015,      0.5025,      0.5035,
            0.5045,     0.50551,     0.50651,     0.50751,     0.50851,     0.50951,     0.51051,     0.51151,     0.51251,     0.51351,     0.51451,     0.51552,     0.51652,     0.51752,     0.51852,     0.51952,     0.52052,     0.52152,     0.52252,     0.52352,     0.52452,     0.52553,     0.52653,     0.52753,
           0.52853,     0.52953,     0.53053,     0.53153,     0.53253,     0.53353,     0.53453,     0.53554,     0.53654,     0.53754,     0.53854,     0.53954,     0.54054,     0.54154,     0.54254,     0.54354,     0.54454,     0.54555,     0.54655,     0.54755,     0.54855,     0.54955,     0.55055,     0.55155,
           0.55255,     0.55355,     0.55455,     0.55556,     0.55656,     0.55756,     0.55856,     0.55956,     0.56056,     0.56156,     0.56256,     0.56356,     0.56456,     0.56557,     0.56657,     0.56757,     0.56857,     0.56957,     0.57057,     0.57157,     0.57257,     0.57357,     0.57457,     0.57558,
           0.57658,     0.57758,     0.57858,     0.57958,     0.58058,     0.58158,     0.58258,     0.58358,     0.58458,     0.58559,     0.58659,     0.58759,     0.58859,     0.58959,     0.59059,     0.59159,     0.59259,     0.59359,     0.59459,      0.5956,      0.5966,      0.5976,      0.5986,      0.5996,
            0.6006,      0.6016,      0.6026,      0.6036,      0.6046,     0.60561,     0.60661,     0.60761,     0.60861,     0.60961,     0.61061,     0.61161,     0.61261,     0.61361,     0.61461,     0.61562,     0.61662,     0.61762,     0.61862,     0.61962,     0.62062,     0.62162,     0.62262,     0.62362,
           0.62462,     0.62563,     0.62663,     0.62763,     0.62863,     0.62963,     0.63063,     0.63163,     0.63263,     0.63363,     0.63463,     0.63564,     0.63664,     0.63764,     0.63864,     0.63964,     0.64064,     0.64164,     0.64264,     0.64364,     0.64464,     0.64565,     0.64665,     0.64765,
           0.64865,     0.64965,     0.65065,     0.65165,     0.65265,     0.65365,     0.65465,     0.65566,     0.65666,     0.65766,     0.65866,     0.65966,     0.66066,     0.66166,     0.66266,     0.66366,     0.66466,     0.66567,     0.66667,     0.66767,     0.66867,     0.66967,     0.67067,     0.67167,
           0.67267,     0.67367,     0.67467,     0.67568,     0.67668,     0.67768,     0.67868,     0.67968,     0.68068,     0.68168,     0.68268,     0.68368,     0.68468,     0.68569,     0.68669,     0.68769,     0.68869,     0.68969,     0.69069,     0.69169,     0.69269,     0.69369,     0.69469,      0.6957,
            0.6967,      0.6977,      0.6987,      0.6997,      0.7007,      0.7017,      0.7027,      0.7037,      0.7047,     0.70571,     0.70671,     0.70771,     0.70871,     0.70971,     0.71071,     0.71171,     0.71271,     0.71371,     0.71471,     0.71572,     0.71672,     0.71772,     0.71872,     0.71972,
           0.72072,     0.72172,     0.72272,     0.72372,     0.72472,     0.72573,     0.72673,     0.72773,     0.72873,     0.72973,     0.73073,     0.73173,     0.73273,     0.73373,     0.73473,     0.73574,     0.73674,     0.73774,     0.73874,     0.73974,     0.74074,     0.74174,     0.74274,     0.74374,
           0.74474,     0.74575,     0.74675,     0.74775,     0.74875,     0.74975,     0.75075,     0.75175,     0.75275,     0.75375,     0.75475,     0.75576,     0.75676,     0.75776,     0.75876,     0.75976,     0.76076,     0.76176,     0.76276,     0.76376,     0.76476,     0.76577,     0.76677,     0.76777,
           0.76877,     0.76977,     0.77077,     0.77177,     0.77277,     0.77377,     0.77477,     0.77578,     0.77678,     0.77778,     0.77878,     0.77978,     0.78078,     0.78178,     0.78278,     0.78378,     0.78478,     0.78579,     0.78679,     0.78779,     0.78879,     0.78979,     0.79079,     0.79179,
           0.79279,     0.79379,     0.79479,      0.7958,      0.7968,      0.7978,      0.7988,      0.7998,      0.8008,      0.8018,      0.8028,      0.8038,      0.8048,     0.80581,     0.80681,     0.80781,     0.80881,     0.80981,     0.81081,     0.81181,     0.81281,     0.81381,     0.81481,     0.81582,
           0.81682,     0.81782,     0.81882,     0.81982,     0.82082,     0.82182,     0.82282,     0.82382,     0.82482,     0.82583,     0.82683,     0.82783,     0.82883,     0.82983,     0.83083,     0.83183,     0.83283,     0.83383,     0.83483,     0.83584,     0.83684,     0.83784,     0.83884,     0.83984,
           0.84084,     0.84184,     0.84284,     0.84384,     0.84484,     0.84585,     0.84685,     0.84785,     0.84885,     0.84985,     0.85085,     0.85185,     0.85285,     0.85385,     0.85485,     0.85586,     0.85686,     0.85786,     0.85886,     0.85986,     0.86086,     0.86186,     0.86286,     0.86386,
           0.86486,     0.86587,     0.86687,     0.86787,     0.86887,     0.86987,     0.87087,     0.87187,     0.87287,     0.87387,     0.87487,     0.87588,     0.87688,     0.87788,     0.87888,     0.87988,     0.88088,     0.88188,     0.88288,     0.88388,     0.88488,     0.88589,     0.88689,     0.88789,
           0.88889,     0.88989,     0.89089,     0.89189,     0.89289,     0.89389,     0.89489,      0.8959,      0.8969,      0.8979,      0.8989,      0.8999,      0.9009,      0.9019,      0.9029,      0.9039,      0.9049,     0.90591,     0.90691,     0.90791,     0.90891,     0.90991,     0.91091,     0.91191,
           0.91291,     0.91391,     0.91491,     0.91592,     0.91692,     0.91792,     0.91892,     0.91992,     0.92092,     0.92192,     0.92292,     0.92392,     0.92492,     0.92593,     0.92693,     0.92793,     0.92893,     0.92993,     0.93093,     0.93193,     0.93293,     0.93393,     0.93493,     0.93594,
           0.93694,     0.93794,     0.93894,     0.93994,     0.94094,     0.94194,     0.94294,     0.94394,     0.94494,     0.94595,     0.94695,     0.94795,     0.94895,     0.94995,     0.95095,     0.95195,     0.95295,     0.95395,     0.95495,     0.95596,     0.95696,     0.95796,     0.95896,     0.95996,
           0.96096,     0.96196,     0.96296,     0.96396,     0.96496,     0.96597,     0.96697,     0.96797,     0.96897,     0.96997,     0.97097,     0.97197,     0.97297,     0.97397,     0.97497,     0.97598,     0.97698,     0.97798,     0.97898,     0.97998,     0.98098,     0.98198,     0.98298,     0.98398,
           0.98498,     0.98599,     0.98699,     0.98799,     0.98899,     0.98999,     0.99099,     0.99199,     0.99299,     0.99399,     0.99499,       0.996,       0.997,       0.998,       0.999,           1]), array([[    0.42718,     0.42718,     0.49583,     0.54318,     0.57349,     0.59041,     0.59726,     0.60381,     0.60896,     0.61566,     0.61784,     0.62453,     0.62855,     0.62256,     0.62631,     0.62947,     0.63153,     0.63281,      0.6341,     0.63538,     0.63996,      0.6461,     0.64937,
            0.65245,     0.65539,     0.66005,      0.6755,     0.67827,     0.67904,     0.67981,     0.68057,     0.68133,     0.68209,     0.68286,     0.68402,     0.68588,     0.68772,     0.68935,      0.6904,     0.69144,     0.69248,     0.69352,     0.69456,     0.69232,     0.68835,     0.68436,
             0.6857,     0.68797,     0.68988,     0.69077,     0.69165,     0.69254,     0.69342,      0.6943,     0.69518,     0.69599,     0.69671,     0.69744,     0.69816,     0.69888,      0.6996,     0.70033,     0.70105,     0.70177,      0.7026,     0.70343,     0.70426,     0.70509,     0.70591,
            0.70674,     0.70756,     0.70836,     0.70912,     0.70987,     0.71063,     0.71139,     0.71215,      0.7129,     0.71365,     0.72418,     0.72843,     0.72979,     0.73114,     0.73249,     0.73383,     0.73906,     0.74098,     0.74133,     0.74167,     0.74202,     0.74236,      0.7427,
            0.74305,     0.74339,     0.74373,     0.74408,     0.74442,     0.74476,     0.74511,     0.74545,     0.74579,     0.74613,     0.74647,     0.74682,     0.74716,      0.7475,     0.74802,      0.7487,     0.74938,     0.75007,     0.75075,     0.75143,     0.75211,     0.75279,     0.75346,
            0.75414,      0.7554,     0.75994,     0.76317,      0.7654,     0.76762,     0.76939,     0.76996,     0.77054,     0.77111,     0.77169,     0.77226,     0.77283,     0.77341,     0.77398,     0.77455,     0.77512,     0.77569,     0.77626,      0.7787,      0.7851,     0.78723,     0.78936,
            0.79147,     0.79299,     0.79427,     0.79555,     0.79682,     0.79809,     0.79936,     0.80205,     0.80619,     0.80825,     0.80856,     0.80887,     0.80918,     0.80949,      0.8098,     0.81011,     0.81042,     0.81073,     0.81104,     0.81135,     0.81166,     0.81197,     0.81228,
            0.81259,      0.8129,      0.8132,     0.81351,     0.81382,     0.81413,     0.81443,     0.81474,     0.81505,     0.81536,     0.81566,     0.81597,     0.81628,     0.81671,     0.81717,     0.81762,     0.81808,     0.81853,     0.81899,     0.81945,      0.8199,     0.82035,     0.82081,
            0.82126,     0.82172,     0.82217,     0.82262,     0.82307,     0.82352,     0.82398,     0.82443,     0.82685,     0.83335,     0.83361,     0.83387,     0.83413,     0.83439,     0.83464,      0.8349,     0.83516,     0.83542,     0.83567,     0.83593,     0.83619,     0.83644,      0.8367,
            0.83696,     0.83721,     0.83747,     0.83772,     0.83798,     0.83824,     0.83849,     0.83875,       0.839,     0.83926,     0.83951,     0.83977,     0.84002,     0.84028,     0.84053,     0.84079,     0.84104,      0.8413,     0.84155,      0.8418,     0.84206,      0.8424,     0.84276,
            0.84312,     0.84348,     0.84384,      0.8442,     0.84456,     0.84492,     0.84528,     0.84564,       0.846,     0.84636,     0.84672,     0.84707,     0.84743,     0.84779,     0.84815,      0.8485,     0.84886,     0.84922,     0.84957,     0.84993,     0.85029,     0.85064,       0.851,
            0.85252,     0.85432,     0.85611,     0.85789,     0.85966,     0.86027,     0.86035,     0.86043,     0.86052,      0.8606,     0.86068,     0.86076,     0.86084,     0.86092,       0.861,     0.86108,     0.86116,     0.86125,     0.86133,     0.86141,     0.86149,     0.86157,     0.86165,
            0.86173,     0.86181,     0.86189,     0.86198,     0.86206,     0.86214,     0.86222,      0.8623,     0.86238,     0.86246,     0.86254,     0.86262,      0.8627,     0.86279,     0.86287,     0.86295,     0.86303,     0.86311,     0.86319,     0.86327,     0.86335,     0.86343,     0.86351,
            0.86359,     0.86367,     0.86376,     0.86384,     0.86392,       0.864,     0.86408,     0.86416,     0.86424,     0.86432,      0.8644,     0.86448,     0.86456,     0.86464,     0.86472,      0.8648,     0.86488,     0.86496,     0.86505,     0.86513,     0.86521,     0.86529,     0.86537,
            0.86545,     0.86553,     0.86561,     0.86569,     0.86577,     0.86585,     0.86593,     0.86601,     0.86609,     0.86617,     0.86625,     0.86633,     0.86641,     0.86649,     0.86657,     0.86665,     0.86673,     0.86681,     0.86689,     0.86697,     0.86705,     0.86713,     0.86721,
            0.86729,     0.86737,     0.86745,     0.86753,     0.86761,     0.86769,     0.86777,     0.86785,     0.86794,     0.86802,      0.8681,     0.86818,     0.86826,     0.86833,     0.86841,     0.86849,     0.86857,     0.86865,     0.86873,     0.86881,     0.86889,     0.86897,     0.86905,
            0.86913,     0.86921,     0.86929,     0.86937,     0.86945,     0.86953,     0.86826,     0.86605,     0.86384,     0.86163,     0.85941,     0.85718,     0.85749,     0.85785,      0.8582,     0.85856,     0.85891,     0.85927,     0.85962,     0.85997,     0.86033,     0.86068,     0.86103,
            0.86138,     0.86174,     0.86209,     0.86244,     0.86279,     0.86314,     0.86349,     0.86384,     0.86419,     0.86454,     0.86489,     0.86524,     0.86559,     0.86594,     0.86629,     0.86664,     0.86614,     0.86555,     0.86497,     0.86439,      0.8638,     0.86322,     0.86263,
            0.86205,     0.86146,     0.86088,     0.86029,      0.8597,     0.85912,     0.85853,     0.85794,     0.85735,     0.85676,     0.85617,     0.85558,     0.85499,      0.8544,      0.8537,     0.85257,     0.85144,     0.85031,     0.84918,     0.84804,     0.84691,     0.84577,     0.84463,
            0.84349,     0.84235,      0.8412,     0.84077,     0.84059,     0.84041,     0.84022,     0.84004,     0.83985,     0.83967,     0.83949,      0.8393,     0.83912,     0.83893,     0.83875,     0.83857,     0.83838,      0.8382,     0.83801,     0.83783,     0.83764,     0.83746,     0.83728,
            0.83709,     0.83691,     0.83672,     0.83654,     0.83635,     0.83617,     0.83598,      0.8358,     0.83561,     0.83543,     0.83524,     0.83506,     0.83487,     0.83469,      0.8345,     0.83432,     0.83413,     0.83395,     0.83376,     0.83358,     0.83339,     0.83321,     0.83302,
            0.83284,     0.83265,     0.83246,     0.83228,     0.83209,     0.83191,     0.83172,     0.83154,     0.83135,     0.83116,     0.83098,     0.83079,     0.83061,     0.83042,     0.83023,     0.83005,     0.82986,     0.82968,     0.82949,      0.8293,     0.82912,     0.82893,     0.82874,
            0.82856,     0.82837,     0.82818,       0.828,     0.82781,     0.82762,     0.82786,      0.8282,     0.82855,     0.82889,     0.82923,     0.82958,     0.82992,     0.83026,      0.8306,     0.83094,     0.83128,     0.83163,     0.83197,     0.83231,     0.83265,     0.83299,     0.83333,
            0.83367,       0.834,     0.83434,     0.83468,     0.83502,     0.83536,     0.83569,     0.83603,     0.83637,     0.83671,     0.83704,     0.83734,     0.83761,     0.83787,     0.83814,      0.8384,     0.83867,     0.83893,      0.8392,     0.83946,     0.83972,     0.83999,     0.84025,
            0.84051,     0.84078,     0.84104,      0.8413,     0.84157,     0.84183,     0.84209,     0.84235,     0.84262,     0.84288,     0.84314,      0.8434,     0.84366,     0.84392,     0.84418,     0.84444,     0.84471,     0.84497,     0.84523,     0.84549,     0.84575,     0.84601,     0.84627,
            0.84653,     0.84678,     0.84704,     0.84766,     0.84829,     0.84892,     0.84955,     0.85018,     0.85081,     0.85144,     0.85207,     0.85269,     0.85332,     0.85394,     0.85456,     0.85519,     0.85581,     0.85643,     0.85705,     0.85241,     0.84676,     0.84352,     0.84387,
            0.84422,     0.84456,     0.84491,     0.84526,     0.84561,     0.84596,     0.84631,     0.84666,       0.847,     0.84735,      0.8477,     0.84804,     0.84839,     0.84873,     0.84908,     0.84942,     0.84977,     0.85011,     0.85046,      0.8508,     0.85114,     0.85149,     0.85183,
            0.85217,     0.85251,     0.85286,      0.8532,     0.85354,      0.8534,       0.853,      0.8526,      0.8522,      0.8518,      0.8514,       0.851,      0.8506,      0.8502,      0.8498,      0.8494,       0.849,      0.8486,     0.84819,     0.84779,     0.84739,     0.84699,     0.84658,
            0.84618,     0.84578,     0.84537,     0.84497,     0.84457,     0.84416,     0.84376,     0.84335,     0.84295,     0.84254,     0.84214,     0.84173,     0.84132,     0.84092,     0.84051,     0.84011,      0.8397,     0.83933,     0.83898,     0.83864,      0.8383,     0.83796,     0.83761,
            0.83727,     0.83693,     0.83658,     0.83624,     0.83589,     0.83555,     0.83521,     0.83486,     0.83452,     0.83417,     0.83383,     0.83348,     0.83314,     0.83279,     0.83245,      0.8321,     0.83175,     0.83141,     0.83106,     0.83072,     0.83037,     0.83002,     0.82967,
            0.82933,     0.82898,     0.82863,     0.82829,     0.82794,     0.82759,     0.82724,     0.82689,     0.82654,     0.82619,     0.82585,      0.8255,     0.82515,     0.82574,     0.82701,     0.82828,     0.82955,     0.83081,     0.83206,     0.83331,     0.83456,     0.83503,     0.83359,
            0.83214,     0.83069,     0.82924,     0.82778,     0.82632,     0.82486,     0.82339,     0.82192,     0.82063,     0.82339,     0.82613,     0.82885,     0.83112,     0.83081,      0.8305,     0.83018,     0.82987,     0.82955,     0.82923,     0.82892,      0.8286,     0.82829,     0.82797,
            0.82765,     0.82734,     0.82702,     0.82671,     0.82639,     0.82607,     0.82575,     0.82544,     0.82512,      0.8248,     0.82448,     0.82417,     0.82385,     0.82353,     0.82321,     0.82289,     0.82257,     0.82225,     0.82193,     0.82162,      0.8213,     0.82098,     0.82066,
            0.82034,     0.82002,      0.8197,     0.81937,     0.81905,     0.81873,     0.81841,     0.81809,     0.81777,     0.81745,     0.81713,      0.8168,     0.81648,     0.81616,     0.81584,     0.81545,     0.81506,     0.81466,     0.81427,     0.81387,     0.81348,     0.81308,     0.81268,
            0.81229,     0.81189,     0.81149,      0.8111,      0.8107,      0.8103,      0.8099,      0.8095,      0.8091,     0.80871,     0.80831,     0.80791,     0.80751,     0.80711,     0.80671,     0.80631,     0.80591,      0.8055,      0.8051,      0.8047,      0.8043,      0.8039,      0.8035,
            0.80309,     0.80269,     0.80229,     0.80188,     0.80148,     0.80108,     0.80067,     0.80027,     0.79889,      0.7956,     0.79228,     0.78895,      0.7856,     0.78305,     0.78144,     0.77982,     0.77821,     0.77658,     0.77496,     0.77333,     0.77169,     0.77006,     0.76841,
            0.76792,      0.7716,     0.77523,     0.77526,     0.76646,      0.7597,     0.75714,     0.75456,     0.75197,     0.74938,     0.74677,     0.74415,     0.74018,     0.73487,     0.72952,     0.72452,      0.7233,     0.72207,     0.72084,     0.71961,     0.71838,     0.71715,     0.71591,
            0.71467,     0.71342,     0.71218,     0.71093,     0.70968,     0.70843,     0.70717,     0.70592,     0.68378,     0.67799,     0.67215,     0.66618,     0.65924,     0.65222,     0.64493,     0.63632,      0.6276,     0.59961,     0.59451,     0.58938,     0.58421,     0.57819,     0.57029,
            0.56231,     0.53836,     0.53145,     0.52936,     0.52725,     0.52515,     0.52303,     0.52091,     0.51878,     0.51665,     0.51451,     0.51237,     0.51022,     0.49844,      0.4796,      0.4751,     0.47057,     0.46602,     0.46144,     0.45683,     0.45021,     0.44318,     0.43609,
            0.42894,     0.42401,     0.41917,     0.41431,     0.40941,     0.40448,     0.39886,     0.38683,     0.37461,     0.34981,     0.33083,     0.31775,     0.30365,     0.28672,     0.26946,     0.25184,      0.2318,     0.20718,     0.15805,     0.14812,     0.13808,     0.12793,     0.10077,
           0.085505,    0.082655,    0.079796,    0.076928,    0.074052,    0.071168,    0.068274,    0.065372,    0.062461,    0.059542,    0.056614,    0.053676,     0.05073,    0.047775,    0.044811,           0,           0,           0,           0,           0,           0,           0,           0,
                  0,           0,           0,           0,           0,           0,           0,           0,           0,           0,           0,           0,           0,           0,           0,           0,           0,           0,           0,           0,           0,           0,           0,
                  0,           0,           0,           0,           0,           0,           0,           0,           0,           0,           0,           0,           0,           0,           0,           0,           0,           0,           0,           0,           0,           0,           0,
                  0,           0,           0,           0,           0,           0,           0,           0,           0,           0,           0]]), 'Confidence', 'F1'], [array([          0,    0.001001,    0.002002,    0.003003,    0.004004,    0.005005,    0.006006,    0.007007,    0.008008,    0.009009,     0.01001,    0.011011,    0.012012,    0.013013,    0.014014,    0.015015,    0.016016,    0.017017,    0.018018,    0.019019,     0.02002,    0.021021,    0.022022,    0.023023,
          0.024024,    0.025025,    0.026026,    0.027027,    0.028028,    0.029029,     0.03003,    0.031031,    0.032032,    0.033033,    0.034034,    0.035035,    0.036036,    0.037037,    0.038038,    0.039039,     0.04004,    0.041041,    0.042042,    0.043043,    0.044044,    0.045045,    0.046046,    0.047047,
          0.048048,    0.049049,     0.05005,    0.051051,    0.052052,    0.053053,    0.054054,    0.055055,    0.056056,    0.057057,    0.058058,    0.059059,     0.06006,    0.061061,    0.062062,    0.063063,    0.064064,    0.065065,    0.066066,    0.067067,    0.068068,    0.069069,     0.07007,    0.071071,
          0.072072,    0.073073,    0.074074,    0.075075,    0.076076,    0.077077,    0.078078,    0.079079,     0.08008,    0.081081,    0.082082,    0.083083,    0.084084,    0.085085,    0.086086,    0.087087,    0.088088,    0.089089,     0.09009,    0.091091,    0.092092,    0.093093,    0.094094,    0.095095,
          0.096096,    0.097097,    0.098098,    0.099099,      0.1001,      0.1011,      0.1021,      0.1031,      0.1041,     0.10511,     0.10611,     0.10711,     0.10811,     0.10911,     0.11011,     0.11111,     0.11211,     0.11311,     0.11411,     0.11512,     0.11612,     0.11712,     0.11812,     0.11912,
           0.12012,     0.12112,     0.12212,     0.12312,     0.12412,     0.12513,     0.12613,     0.12713,     0.12813,     0.12913,     0.13013,     0.13113,     0.13213,     0.13313,     0.13413,     0.13514,     0.13614,     0.13714,     0.13814,     0.13914,     0.14014,     0.14114,     0.14214,     0.14314,
           0.14414,     0.14515,     0.14615,     0.14715,     0.14815,     0.14915,     0.15015,     0.15115,     0.15215,     0.15315,     0.15415,     0.15516,     0.15616,     0.15716,     0.15816,     0.15916,     0.16016,     0.16116,     0.16216,     0.16316,     0.16416,     0.16517,     0.16617,     0.16717,
           0.16817,     0.16917,     0.17017,     0.17117,     0.17217,     0.17317,     0.17417,     0.17518,     0.17618,     0.17718,     0.17818,     0.17918,     0.18018,     0.18118,     0.18218,     0.18318,     0.18418,     0.18519,     0.18619,     0.18719,     0.18819,     0.18919,     0.19019,     0.19119,
           0.19219,     0.19319,     0.19419,      0.1952,      0.1962,      0.1972,      0.1982,      0.1992,      0.2002,      0.2012,      0.2022,      0.2032,      0.2042,     0.20521,     0.20621,     0.20721,     0.20821,     0.20921,     0.21021,     0.21121,     0.21221,     0.21321,     0.21421,     0.21522,
           0.21622,     0.21722,     0.21822,     0.21922,     0.22022,     0.22122,     0.22222,     0.22322,     0.22422,     0.22523,     0.22623,     0.22723,     0.22823,     0.22923,     0.23023,     0.23123,     0.23223,     0.23323,     0.23423,     0.23524,     0.23624,     0.23724,     0.23824,     0.23924,
           0.24024,     0.24124,     0.24224,     0.24324,     0.24424,     0.24525,     0.24625,     0.24725,     0.24825,     0.24925,     0.25025,     0.25125,     0.25225,     0.25325,     0.25425,     0.25526,     0.25626,     0.25726,     0.25826,     0.25926,     0.26026,     0.26126,     0.26226,     0.26326,
           0.26426,     0.26527,     0.26627,     0.26727,     0.26827,     0.26927,     0.27027,     0.27127,     0.27227,     0.27327,     0.27427,     0.27528,     0.27628,     0.27728,     0.27828,     0.27928,     0.28028,     0.28128,     0.28228,     0.28328,     0.28428,     0.28529,     0.28629,     0.28729,
           0.28829,     0.28929,     0.29029,     0.29129,     0.29229,     0.29329,     0.29429,      0.2953,      0.2963,      0.2973,      0.2983,      0.2993,      0.3003,      0.3013,      0.3023,      0.3033,      0.3043,     0.30531,     0.30631,     0.30731,     0.30831,     0.30931,     0.31031,     0.31131,
           0.31231,     0.31331,     0.31431,     0.31532,     0.31632,     0.31732,     0.31832,     0.31932,     0.32032,     0.32132,     0.32232,     0.32332,     0.32432,     0.32533,     0.32633,     0.32733,     0.32833,     0.32933,     0.33033,     0.33133,     0.33233,     0.33333,     0.33433,     0.33534,
           0.33634,     0.33734,     0.33834,     0.33934,     0.34034,     0.34134,     0.34234,     0.34334,     0.34434,     0.34535,     0.34635,     0.34735,     0.34835,     0.34935,     0.35035,     0.35135,     0.35235,     0.35335,     0.35435,     0.35536,     0.35636,     0.35736,     0.35836,     0.35936,
           0.36036,     0.36136,     0.36236,     0.36336,     0.36436,     0.36537,     0.36637,     0.36737,     0.36837,     0.36937,     0.37037,     0.37137,     0.37237,     0.37337,     0.37437,     0.37538,     0.37638,     0.37738,     0.37838,     0.37938,     0.38038,     0.38138,     0.38238,     0.38338,
           0.38438,     0.38539,     0.38639,     0.38739,     0.38839,     0.38939,     0.39039,     0.39139,     0.39239,     0.39339,     0.39439,      0.3954,      0.3964,      0.3974,      0.3984,      0.3994,      0.4004,      0.4014,      0.4024,      0.4034,      0.4044,     0.40541,     0.40641,     0.40741,
           0.40841,     0.40941,     0.41041,     0.41141,     0.41241,     0.41341,     0.41441,     0.41542,     0.41642,     0.41742,     0.41842,     0.41942,     0.42042,     0.42142,     0.42242,     0.42342,     0.42442,     0.42543,     0.42643,     0.42743,     0.42843,     0.42943,     0.43043,     0.43143,
           0.43243,     0.43343,     0.43443,     0.43544,     0.43644,     0.43744,     0.43844,     0.43944,     0.44044,     0.44144,     0.44244,     0.44344,     0.44444,     0.44545,     0.44645,     0.44745,     0.44845,     0.44945,     0.45045,     0.45145,     0.45245,     0.45345,     0.45445,     0.45546,
           0.45646,     0.45746,     0.45846,     0.45946,     0.46046,     0.46146,     0.46246,     0.46346,     0.46446,     0.46547,     0.46647,     0.46747,     0.46847,     0.46947,     0.47047,     0.47147,     0.47247,     0.47347,     0.47447,     0.47548,     0.47648,     0.47748,     0.47848,     0.47948,
           0.48048,     0.48148,     0.48248,     0.48348,     0.48448,     0.48549,     0.48649,     0.48749,     0.48849,     0.48949,     0.49049,     0.49149,     0.49249,     0.49349,     0.49449,      0.4955,      0.4965,      0.4975,      0.4985,      0.4995,      0.5005,      0.5015,      0.5025,      0.5035,
            0.5045,     0.50551,     0.50651,     0.50751,     0.50851,     0.50951,     0.51051,     0.51151,     0.51251,     0.51351,     0.51451,     0.51552,     0.51652,     0.51752,     0.51852,     0.51952,     0.52052,     0.52152,     0.52252,     0.52352,     0.52452,     0.52553,     0.52653,     0.52753,
           0.52853,     0.52953,     0.53053,     0.53153,     0.53253,     0.53353,     0.53453,     0.53554,     0.53654,     0.53754,     0.53854,     0.53954,     0.54054,     0.54154,     0.54254,     0.54354,     0.54454,     0.54555,     0.54655,     0.54755,     0.54855,     0.54955,     0.55055,     0.55155,
           0.55255,     0.55355,     0.55455,     0.55556,     0.55656,     0.55756,     0.55856,     0.55956,     0.56056,     0.56156,     0.56256,     0.56356,     0.56456,     0.56557,     0.56657,     0.56757,     0.56857,     0.56957,     0.57057,     0.57157,     0.57257,     0.57357,     0.57457,     0.57558,
           0.57658,     0.57758,     0.57858,     0.57958,     0.58058,     0.58158,     0.58258,     0.58358,     0.58458,     0.58559,     0.58659,     0.58759,     0.58859,     0.58959,     0.59059,     0.59159,     0.59259,     0.59359,     0.59459,      0.5956,      0.5966,      0.5976,      0.5986,      0.5996,
            0.6006,      0.6016,      0.6026,      0.6036,      0.6046,     0.60561,     0.60661,     0.60761,     0.60861,     0.60961,     0.61061,     0.61161,     0.61261,     0.61361,     0.61461,     0.61562,     0.61662,     0.61762,     0.61862,     0.61962,     0.62062,     0.62162,     0.62262,     0.62362,
           0.62462,     0.62563,     0.62663,     0.62763,     0.62863,     0.62963,     0.63063,     0.63163,     0.63263,     0.63363,     0.63463,     0.63564,     0.63664,     0.63764,     0.63864,     0.63964,     0.64064,     0.64164,     0.64264,     0.64364,     0.64464,     0.64565,     0.64665,     0.64765,
           0.64865,     0.64965,     0.65065,     0.65165,     0.65265,     0.65365,     0.65465,     0.65566,     0.65666,     0.65766,     0.65866,     0.65966,     0.66066,     0.66166,     0.66266,     0.66366,     0.66466,     0.66567,     0.66667,     0.66767,     0.66867,     0.66967,     0.67067,     0.67167,
           0.67267,     0.67367,     0.67467,     0.67568,     0.67668,     0.67768,     0.67868,     0.67968,     0.68068,     0.68168,     0.68268,     0.68368,     0.68468,     0.68569,     0.68669,     0.68769,     0.68869,     0.68969,     0.69069,     0.69169,     0.69269,     0.69369,     0.69469,      0.6957,
            0.6967,      0.6977,      0.6987,      0.6997,      0.7007,      0.7017,      0.7027,      0.7037,      0.7047,     0.70571,     0.70671,     0.70771,     0.70871,     0.70971,     0.71071,     0.71171,     0.71271,     0.71371,     0.71471,     0.71572,     0.71672,     0.71772,     0.71872,     0.71972,
           0.72072,     0.72172,     0.72272,     0.72372,     0.72472,     0.72573,     0.72673,     0.72773,     0.72873,     0.72973,     0.73073,     0.73173,     0.73273,     0.73373,     0.73473,     0.73574,     0.73674,     0.73774,     0.73874,     0.73974,     0.74074,     0.74174,     0.74274,     0.74374,
           0.74474,     0.74575,     0.74675,     0.74775,     0.74875,     0.74975,     0.75075,     0.75175,     0.75275,     0.75375,     0.75475,     0.75576,     0.75676,     0.75776,     0.75876,     0.75976,     0.76076,     0.76176,     0.76276,     0.76376,     0.76476,     0.76577,     0.76677,     0.76777,
           0.76877,     0.76977,     0.77077,     0.77177,     0.77277,     0.77377,     0.77477,     0.77578,     0.77678,     0.77778,     0.77878,     0.77978,     0.78078,     0.78178,     0.78278,     0.78378,     0.78478,     0.78579,     0.78679,     0.78779,     0.78879,     0.78979,     0.79079,     0.79179,
           0.79279,     0.79379,     0.79479,      0.7958,      0.7968,      0.7978,      0.7988,      0.7998,      0.8008,      0.8018,      0.8028,      0.8038,      0.8048,     0.80581,     0.80681,     0.80781,     0.80881,     0.80981,     0.81081,     0.81181,     0.81281,     0.81381,     0.81481,     0.81582,
           0.81682,     0.81782,     0.81882,     0.81982,     0.82082,     0.82182,     0.82282,     0.82382,     0.82482,     0.82583,     0.82683,     0.82783,     0.82883,     0.82983,     0.83083,     0.83183,     0.83283,     0.83383,     0.83483,     0.83584,     0.83684,     0.83784,     0.83884,     0.83984,
           0.84084,     0.84184,     0.84284,     0.84384,     0.84484,     0.84585,     0.84685,     0.84785,     0.84885,     0.84985,     0.85085,     0.85185,     0.85285,     0.85385,     0.85485,     0.85586,     0.85686,     0.85786,     0.85886,     0.85986,     0.86086,     0.86186,     0.86286,     0.86386,
           0.86486,     0.86587,     0.86687,     0.86787,     0.86887,     0.86987,     0.87087,     0.87187,     0.87287,     0.87387,     0.87487,     0.87588,     0.87688,     0.87788,     0.87888,     0.87988,     0.88088,     0.88188,     0.88288,     0.88388,     0.88488,     0.88589,     0.88689,     0.88789,
           0.88889,     0.88989,     0.89089,     0.89189,     0.89289,     0.89389,     0.89489,      0.8959,      0.8969,      0.8979,      0.8989,      0.8999,      0.9009,      0.9019,      0.9029,      0.9039,      0.9049,     0.90591,     0.90691,     0.90791,     0.90891,     0.90991,     0.91091,     0.91191,
           0.91291,     0.91391,     0.91491,     0.91592,     0.91692,     0.91792,     0.91892,     0.91992,     0.92092,     0.92192,     0.92292,     0.92392,     0.92492,     0.92593,     0.92693,     0.92793,     0.92893,     0.92993,     0.93093,     0.93193,     0.93293,     0.93393,     0.93493,     0.93594,
           0.93694,     0.93794,     0.93894,     0.93994,     0.94094,     0.94194,     0.94294,     0.94394,     0.94494,     0.94595,     0.94695,     0.94795,     0.94895,     0.94995,     0.95095,     0.95195,     0.95295,     0.95395,     0.95495,     0.95596,     0.95696,     0.95796,     0.95896,     0.95996,
           0.96096,     0.96196,     0.96296,     0.96396,     0.96496,     0.96597,     0.96697,     0.96797,     0.96897,     0.96997,     0.97097,     0.97197,     0.97297,     0.97397,     0.97497,     0.97598,     0.97698,     0.97798,     0.97898,     0.97998,     0.98098,     0.98198,     0.98298,     0.98398,
           0.98498,     0.98599,     0.98699,     0.98799,     0.98899,     0.98999,     0.99099,     0.99199,     0.99299,     0.99399,     0.99499,       0.996,       0.997,       0.998,       0.999,           1]), array([[     0.2716,      0.2716,     0.32964,     0.37286,     0.40202,     0.42297,     0.43003,     0.43686,     0.44228,     0.44938,     0.45171,     0.45889,     0.46519,     0.46173,     0.47167,     0.47527,     0.47761,     0.47908,     0.48055,     0.48203,     0.48732,     0.49448,     0.49832,
            0.50196,     0.50545,     0.51101,     0.52978,     0.53319,     0.53414,     0.53509,     0.53604,     0.53698,     0.53793,     0.53888,     0.54034,     0.54265,     0.54496,     0.54701,     0.54833,     0.54965,     0.55096,     0.55228,      0.5536,     0.55263,     0.55045,     0.54827,
            0.55044,     0.55337,     0.55585,       0.557,     0.55815,      0.5593,     0.56046,     0.56161,     0.56276,     0.56382,     0.56477,     0.56572,     0.56668,     0.56763,     0.56858,     0.56954,     0.57049,     0.57144,     0.57255,     0.57365,     0.57476,     0.57586,     0.57696,
            0.57807,     0.57917,     0.58023,     0.58126,     0.58228,      0.5833,     0.58432,     0.58534,     0.58636,     0.58738,     0.60178,     0.60768,     0.60956,     0.61145,     0.61334,     0.61523,     0.62261,     0.62534,     0.62583,     0.62633,     0.62682,     0.62731,      0.6278,
            0.62829,     0.62878,     0.62928,     0.62977,     0.63026,     0.63075,     0.63124,     0.63173,     0.63222,     0.63272,     0.63321,      0.6337,     0.63419,     0.63468,     0.63543,     0.63642,     0.63741,     0.63839,     0.63938,     0.64037,     0.64136,     0.64234,     0.64333,
            0.64432,     0.64616,     0.65283,     0.65761,     0.66093,     0.66425,      0.6669,     0.66777,     0.66863,      0.6695,     0.67037,     0.67123,      0.6721,     0.67296,     0.67383,      0.6747,     0.67556,     0.67643,     0.67729,     0.68102,     0.69088,     0.69418,     0.69749,
             0.7008,     0.70319,      0.7052,     0.70722,     0.70923,     0.71125,     0.71326,     0.71756,     0.72421,     0.72755,     0.72805,     0.72855,     0.72906,     0.72956,     0.73007,     0.73057,     0.73108,     0.73158,     0.73208,     0.73259,     0.73309,      0.7336,      0.7341,
            0.73461,     0.73511,     0.73561,     0.73612,     0.73662,     0.73713,     0.73763,     0.73814,     0.73864,     0.73914,     0.73965,     0.74015,     0.74066,     0.74137,     0.74212,     0.74288,     0.74363,     0.74439,     0.74514,     0.74589,     0.74665,      0.7474,     0.74816,
            0.74891,     0.74966,     0.75042,     0.75117,     0.75193,     0.75268,     0.75343,     0.75419,     0.75826,     0.76927,     0.76971,     0.77015,     0.77059,     0.77103,     0.77147,     0.77191,     0.77235,     0.77279,     0.77323,     0.77367,     0.77411,     0.77455,     0.77499,
            0.77543,     0.77587,     0.77631,     0.77675,     0.77719,     0.77763,     0.77807,     0.77851,     0.77895,     0.77939,     0.77983,     0.78027,     0.78071,     0.78115,     0.78159,     0.78203,     0.78247,     0.78291,     0.78335,     0.78379,     0.78423,     0.78482,     0.78545,
            0.78608,      0.7867,     0.78733,     0.78796,     0.78859,     0.78921,     0.78984,     0.79047,      0.7911,     0.79172,     0.79235,     0.79298,     0.79361,     0.79423,     0.79486,     0.79549,     0.79612,     0.79674,     0.79737,       0.798,     0.79863,     0.79925,     0.79988,
            0.80259,     0.80577,     0.80896,     0.81215,     0.81534,     0.81643,     0.81657,     0.81672,     0.81687,     0.81701,     0.81716,     0.81731,     0.81745,      0.8176,     0.81775,     0.81789,     0.81804,     0.81819,     0.81833,     0.81848,     0.81862,     0.81877,     0.81892,
            0.81906,     0.81921,     0.81936,      0.8195,     0.81965,      0.8198,     0.81994,     0.82009,     0.82024,     0.82038,     0.82053,     0.82068,     0.82082,     0.82097,     0.82112,     0.82126,     0.82141,     0.82155,      0.8217,     0.82185,     0.82199,     0.82214,     0.82229,
            0.82243,     0.82258,     0.82273,     0.82287,     0.82302,     0.82317,     0.82331,     0.82346,     0.82361,     0.82375,      0.8239,     0.82405,     0.82419,     0.82434,     0.82448,     0.82463,     0.82478,     0.82492,     0.82507,     0.82522,     0.82536,     0.82551,     0.82566,
             0.8258,     0.82595,      0.8261,     0.82624,     0.82639,     0.82654,     0.82668,     0.82683,     0.82697,     0.82712,     0.82727,     0.82741,     0.82756,     0.82771,     0.82785,       0.828,     0.82815,     0.82829,     0.82844,     0.82859,     0.82873,     0.82888,     0.82903,
            0.82917,     0.82932,     0.82947,     0.82961,     0.82976,      0.8299,     0.83005,      0.8302,     0.83034,     0.83049,     0.83064,     0.83078,     0.83093,     0.83108,     0.83122,     0.83137,     0.83152,     0.83166,     0.83181,     0.83196,      0.8321,     0.83225,     0.83239,
            0.83254,     0.83269,     0.83283,     0.83298,     0.83313,     0.83327,     0.83296,     0.83233,     0.83169,     0.83106,     0.83043,      0.8298,     0.83044,     0.83111,     0.83178,     0.83244,     0.83311,     0.83378,     0.83444,     0.83511,     0.83577,     0.83644,     0.83711,
            0.83777,     0.83844,     0.83911,     0.83977,     0.84044,      0.8411,     0.84177,     0.84244,      0.8431,     0.84377,     0.84444,      0.8451,     0.84577,     0.84644,      0.8471,     0.84777,     0.84768,     0.84753,     0.84737,     0.84722,     0.84706,     0.84691,     0.84675,
            0.84659,     0.84644,     0.84628,     0.84613,     0.84597,     0.84581,     0.84566,      0.8455,     0.84535,     0.84519,     0.84504,     0.84488,     0.84472,     0.84457,     0.84438,     0.84407,     0.84376,     0.84346,     0.84315,     0.84284,     0.84253,     0.84222,     0.84191,
            0.84161,      0.8413,     0.84099,     0.84087,     0.84082,     0.84077,     0.84072,     0.84067,     0.84061,     0.84056,     0.84051,     0.84046,     0.84041,     0.84036,     0.84031,     0.84025,      0.8402,     0.84015,      0.8401,     0.84005,        0.84,     0.83995,     0.83989,
            0.83984,     0.83979,     0.83974,     0.83969,     0.83964,     0.83959,     0.83953,     0.83948,     0.83943,     0.83938,     0.83933,     0.83928,     0.83923,     0.83917,     0.83912,     0.83907,     0.83902,     0.83897,     0.83892,     0.83887,     0.83881,     0.83876,     0.83871,
            0.83866,     0.83861,     0.83856,     0.83851,     0.83845,      0.8384,     0.83835,      0.8383,     0.83825,      0.8382,     0.83815,     0.83809,     0.83804,     0.83799,     0.83794,     0.83789,     0.83784,     0.83779,     0.83773,     0.83768,     0.83763,     0.83758,     0.83753,
            0.83748,     0.83743,     0.83737,     0.83732,     0.83727,     0.83722,     0.83777,     0.83847,     0.83918,     0.83988,     0.84059,     0.84129,       0.842,      0.8427,      0.8434,     0.84411,     0.84481,     0.84552,     0.84622,     0.84693,     0.84763,     0.84834,     0.84904,
            0.84975,     0.85045,     0.85115,     0.85186,     0.85256,     0.85327,     0.85397,     0.85468,     0.85538,     0.85609,     0.85679,     0.85742,     0.85798,     0.85853,     0.85909,     0.85965,      0.8602,     0.86076,     0.86132,     0.86187,     0.86243,     0.86299,     0.86354,
             0.8641,     0.86466,     0.86521,     0.86577,     0.86633,     0.86688,     0.86744,       0.868,     0.86855,     0.86911,     0.86967,     0.87022,     0.87078,     0.87134,     0.87189,     0.87245,     0.87301,     0.87356,     0.87412,     0.87468,     0.87523,     0.87579,     0.87635,
             0.8769,     0.87746,     0.87802,     0.87933,      0.8807,     0.88206,     0.88342,     0.88479,     0.88615,     0.88751,     0.88888,     0.89024,      0.8916,     0.89297,     0.89433,      0.8957,     0.89706,     0.89842,     0.89979,     0.89911,     0.89806,     0.89776,     0.89855,
            0.89934,     0.90014,     0.90093,     0.90173,     0.90252,     0.90331,     0.90411,      0.9049,     0.90569,     0.90649,     0.90728,     0.90808,     0.90887,     0.90966,     0.91046,     0.91125,     0.91204,     0.91284,     0.91363,     0.91442,     0.91522,     0.91601,     0.91681,
             0.9176,     0.91839,     0.91919,     0.91998,     0.92077,     0.92101,     0.92095,     0.92089,     0.92083,     0.92077,     0.92071,     0.92065,     0.92059,     0.92053,     0.92047,     0.92041,     0.92034,     0.92028,     0.92022,     0.92016,      0.9201,     0.92004,     0.91998,
            0.91992,     0.91986,      0.9198,     0.91974,     0.91968,     0.91962,     0.91956,     0.91949,     0.91943,     0.91937,     0.91931,     0.91925,     0.91919,     0.91913,     0.91907,     0.91901,     0.91895,     0.91889,     0.91884,     0.91878,     0.91873,     0.91868,     0.91862,
            0.91857,     0.91851,     0.91846,     0.91841,     0.91835,      0.9183,     0.91825,     0.91819,     0.91814,     0.91809,     0.91803,     0.91798,     0.91792,     0.91787,     0.91782,     0.91776,     0.91771,     0.91766,      0.9176,     0.91755,     0.91749,     0.91744,     0.91739,
            0.91733,     0.91728,     0.91723,     0.91717,     0.91712,     0.91707,     0.91701,     0.91696,      0.9169,     0.91685,      0.9168,     0.91674,     0.91669,     0.91849,     0.92165,     0.92481,     0.92797,     0.93113,     0.93428,     0.93744,      0.9406,     0.94281,     0.94265,
            0.94248,     0.94232,     0.94215,     0.94199,     0.94183,     0.94166,      0.9415,     0.94133,     0.94148,     0.94879,      0.9561,     0.96341,     0.96969,     0.96967,     0.96966,     0.96964,     0.96962,      0.9696,     0.96958,     0.96956,     0.96954,     0.96952,      0.9695,
            0.96948,     0.96946,     0.96944,     0.96942,      0.9694,     0.96938,     0.96936,     0.96934,     0.96932,      0.9693,     0.96928,     0.96926,     0.96924,     0.96922,      0.9692,     0.96918,     0.96916,     0.96915,     0.96913,     0.96911,     0.96909,     0.96907,     0.96905,
            0.96903,     0.96901,     0.96899,     0.96897,     0.96895,     0.96893,     0.96891,     0.96889,     0.96887,     0.96885,     0.96883,     0.96881,     0.96879,     0.96877,     0.96875,     0.96873,      0.9687,     0.96868,     0.96865,     0.96863,      0.9686,     0.96858,     0.96855,
            0.96852,      0.9685,     0.96847,     0.96845,     0.96842,      0.9684,     0.96837,     0.96835,     0.96832,     0.96829,     0.96827,     0.96824,     0.96822,     0.96819,     0.96817,     0.96814,     0.96812,     0.96809,     0.96807,     0.96804,     0.96801,     0.96799,     0.96796,
            0.96794,     0.96791,     0.96789,     0.96786,     0.96784,     0.96781,     0.96778,     0.96776,     0.96767,     0.96745,     0.96723,     0.96701,     0.96679,     0.96662,      0.9665,     0.96639,     0.96628,     0.96617,     0.96605,     0.96594,     0.96583,     0.96572,     0.96561,
            0.96805,     0.97984,     0.99162,           1,           1,           1,           1,           1,           1,           1,           1,           1,           1,           1,           1,           1,           1,           1,           1,           1,           1,           1,           1,
                  1,           1,           1,           1,           1,           1,           1,           1,           1,           1,           1,           1,           1,           1,           1,           1,           1,           1,           1,           1,           1,           1,           1,
                  1,           1,           1,           1,           1,           1,           1,           1,           1,           1,           1,           1,           1,           1,           1,           1,           1,           1,           1,           1,           1,           1,           1,
                  1,           1,           1,           1,           1,           1,           1,           1,           1,           1,           1,           1,           1,           1,           1,           1,           1,           1,           1,           1,           1,           1,           1,
                  1,           1,           1,           1,           1,           1,           1,           1,           1,           1,           1,           1,           1,           1,           1,           1,           1,           1,           1,           1,           1,           1,           1,
                  1,           1,           1,           1,           1,           1,           1,           1,           1,           1,           1,           1,           1,           1,           1,           1,           1,           1,           1,           1,           1,           1,           1,
                  1,           1,           1,           1,           1,           1,           1,           1,           1,           1,           1,           1,           1,           1,           1,           1,           1,           1,           1,           1,           1,           1,           1,
                  1,           1,           1,           1,           1,           1,           1,           1,           1,           1,           1]]), 'Confidence', 'Precision'], [array([          0,    0.001001,    0.002002,    0.003003,    0.004004,    0.005005,    0.006006,    0.007007,    0.008008,    0.009009,     0.01001,    0.011011,    0.012012,    0.013013,    0.014014,    0.015015,    0.016016,    0.017017,    0.018018,    0.019019,     0.02002,    0.021021,    0.022022,    0.023023,
          0.024024,    0.025025,    0.026026,    0.027027,    0.028028,    0.029029,     0.03003,    0.031031,    0.032032,    0.033033,    0.034034,    0.035035,    0.036036,    0.037037,    0.038038,    0.039039,     0.04004,    0.041041,    0.042042,    0.043043,    0.044044,    0.045045,    0.046046,    0.047047,
          0.048048,    0.049049,     0.05005,    0.051051,    0.052052,    0.053053,    0.054054,    0.055055,    0.056056,    0.057057,    0.058058,    0.059059,     0.06006,    0.061061,    0.062062,    0.063063,    0.064064,    0.065065,    0.066066,    0.067067,    0.068068,    0.069069,     0.07007,    0.071071,
          0.072072,    0.073073,    0.074074,    0.075075,    0.076076,    0.077077,    0.078078,    0.079079,     0.08008,    0.081081,    0.082082,    0.083083,    0.084084,    0.085085,    0.086086,    0.087087,    0.088088,    0.089089,     0.09009,    0.091091,    0.092092,    0.093093,    0.094094,    0.095095,
          0.096096,    0.097097,    0.098098,    0.099099,      0.1001,      0.1011,      0.1021,      0.1031,      0.1041,     0.10511,     0.10611,     0.10711,     0.10811,     0.10911,     0.11011,     0.11111,     0.11211,     0.11311,     0.11411,     0.11512,     0.11612,     0.11712,     0.11812,     0.11912,
           0.12012,     0.12112,     0.12212,     0.12312,     0.12412,     0.12513,     0.12613,     0.12713,     0.12813,     0.12913,     0.13013,     0.13113,     0.13213,     0.13313,     0.13413,     0.13514,     0.13614,     0.13714,     0.13814,     0.13914,     0.14014,     0.14114,     0.14214,     0.14314,
           0.14414,     0.14515,     0.14615,     0.14715,     0.14815,     0.14915,     0.15015,     0.15115,     0.15215,     0.15315,     0.15415,     0.15516,     0.15616,     0.15716,     0.15816,     0.15916,     0.16016,     0.16116,     0.16216,     0.16316,     0.16416,     0.16517,     0.16617,     0.16717,
           0.16817,     0.16917,     0.17017,     0.17117,     0.17217,     0.17317,     0.17417,     0.17518,     0.17618,     0.17718,     0.17818,     0.17918,     0.18018,     0.18118,     0.18218,     0.18318,     0.18418,     0.18519,     0.18619,     0.18719,     0.18819,     0.18919,     0.19019,     0.19119,
           0.19219,     0.19319,     0.19419,      0.1952,      0.1962,      0.1972,      0.1982,      0.1992,      0.2002,      0.2012,      0.2022,      0.2032,      0.2042,     0.20521,     0.20621,     0.20721,     0.20821,     0.20921,     0.21021,     0.21121,     0.21221,     0.21321,     0.21421,     0.21522,
           0.21622,     0.21722,     0.21822,     0.21922,     0.22022,     0.22122,     0.22222,     0.22322,     0.22422,     0.22523,     0.22623,     0.22723,     0.22823,     0.22923,     0.23023,     0.23123,     0.23223,     0.23323,     0.23423,     0.23524,     0.23624,     0.23724,     0.23824,     0.23924,
           0.24024,     0.24124,     0.24224,     0.24324,     0.24424,     0.24525,     0.24625,     0.24725,     0.24825,     0.24925,     0.25025,     0.25125,     0.25225,     0.25325,     0.25425,     0.25526,     0.25626,     0.25726,     0.25826,     0.25926,     0.26026,     0.26126,     0.26226,     0.26326,
           0.26426,     0.26527,     0.26627,     0.26727,     0.26827,     0.26927,     0.27027,     0.27127,     0.27227,     0.27327,     0.27427,     0.27528,     0.27628,     0.27728,     0.27828,     0.27928,     0.28028,     0.28128,     0.28228,     0.28328,     0.28428,     0.28529,     0.28629,     0.28729,
           0.28829,     0.28929,     0.29029,     0.29129,     0.29229,     0.29329,     0.29429,      0.2953,      0.2963,      0.2973,      0.2983,      0.2993,      0.3003,      0.3013,      0.3023,      0.3033,      0.3043,     0.30531,     0.30631,     0.30731,     0.30831,     0.30931,     0.31031,     0.31131,
           0.31231,     0.31331,     0.31431,     0.31532,     0.31632,     0.31732,     0.31832,     0.31932,     0.32032,     0.32132,     0.32232,     0.32332,     0.32432,     0.32533,     0.32633,     0.32733,     0.32833,     0.32933,     0.33033,     0.33133,     0.33233,     0.33333,     0.33433,     0.33534,
           0.33634,     0.33734,     0.33834,     0.33934,     0.34034,     0.34134,     0.34234,     0.34334,     0.34434,     0.34535,     0.34635,     0.34735,     0.34835,     0.34935,     0.35035,     0.35135,     0.35235,     0.35335,     0.35435,     0.35536,     0.35636,     0.35736,     0.35836,     0.35936,
           0.36036,     0.36136,     0.36236,     0.36336,     0.36436,     0.36537,     0.36637,     0.36737,     0.36837,     0.36937,     0.37037,     0.37137,     0.37237,     0.37337,     0.37437,     0.37538,     0.37638,     0.37738,     0.37838,     0.37938,     0.38038,     0.38138,     0.38238,     0.38338,
           0.38438,     0.38539,     0.38639,     0.38739,     0.38839,     0.38939,     0.39039,     0.39139,     0.39239,     0.39339,     0.39439,      0.3954,      0.3964,      0.3974,      0.3984,      0.3994,      0.4004,      0.4014,      0.4024,      0.4034,      0.4044,     0.40541,     0.40641,     0.40741,
           0.40841,     0.40941,     0.41041,     0.41141,     0.41241,     0.41341,     0.41441,     0.41542,     0.41642,     0.41742,     0.41842,     0.41942,     0.42042,     0.42142,     0.42242,     0.42342,     0.42442,     0.42543,     0.42643,     0.42743,     0.42843,     0.42943,     0.43043,     0.43143,
           0.43243,     0.43343,     0.43443,     0.43544,     0.43644,     0.43744,     0.43844,     0.43944,     0.44044,     0.44144,     0.44244,     0.44344,     0.44444,     0.44545,     0.44645,     0.44745,     0.44845,     0.44945,     0.45045,     0.45145,     0.45245,     0.45345,     0.45445,     0.45546,
           0.45646,     0.45746,     0.45846,     0.45946,     0.46046,     0.46146,     0.46246,     0.46346,     0.46446,     0.46547,     0.46647,     0.46747,     0.46847,     0.46947,     0.47047,     0.47147,     0.47247,     0.47347,     0.47447,     0.47548,     0.47648,     0.47748,     0.47848,     0.47948,
           0.48048,     0.48148,     0.48248,     0.48348,     0.48448,     0.48549,     0.48649,     0.48749,     0.48849,     0.48949,     0.49049,     0.49149,     0.49249,     0.49349,     0.49449,      0.4955,      0.4965,      0.4975,      0.4985,      0.4995,      0.5005,      0.5015,      0.5025,      0.5035,
            0.5045,     0.50551,     0.50651,     0.50751,     0.50851,     0.50951,     0.51051,     0.51151,     0.51251,     0.51351,     0.51451,     0.51552,     0.51652,     0.51752,     0.51852,     0.51952,     0.52052,     0.52152,     0.52252,     0.52352,     0.52452,     0.52553,     0.52653,     0.52753,
           0.52853,     0.52953,     0.53053,     0.53153,     0.53253,     0.53353,     0.53453,     0.53554,     0.53654,     0.53754,     0.53854,     0.53954,     0.54054,     0.54154,     0.54254,     0.54354,     0.54454,     0.54555,     0.54655,     0.54755,     0.54855,     0.54955,     0.55055,     0.55155,
           0.55255,     0.55355,     0.55455,     0.55556,     0.55656,     0.55756,     0.55856,     0.55956,     0.56056,     0.56156,     0.56256,     0.56356,     0.56456,     0.56557,     0.56657,     0.56757,     0.56857,     0.56957,     0.57057,     0.57157,     0.57257,     0.57357,     0.57457,     0.57558,
           0.57658,     0.57758,     0.57858,     0.57958,     0.58058,     0.58158,     0.58258,     0.58358,     0.58458,     0.58559,     0.58659,     0.58759,     0.58859,     0.58959,     0.59059,     0.59159,     0.59259,     0.59359,     0.59459,      0.5956,      0.5966,      0.5976,      0.5986,      0.5996,
            0.6006,      0.6016,      0.6026,      0.6036,      0.6046,     0.60561,     0.60661,     0.60761,     0.60861,     0.60961,     0.61061,     0.61161,     0.61261,     0.61361,     0.61461,     0.61562,     0.61662,     0.61762,     0.61862,     0.61962,     0.62062,     0.62162,     0.62262,     0.62362,
           0.62462,     0.62563,     0.62663,     0.62763,     0.62863,     0.62963,     0.63063,     0.63163,     0.63263,     0.63363,     0.63463,     0.63564,     0.63664,     0.63764,     0.63864,     0.63964,     0.64064,     0.64164,     0.64264,     0.64364,     0.64464,     0.64565,     0.64665,     0.64765,
           0.64865,     0.64965,     0.65065,     0.65165,     0.65265,     0.65365,     0.65465,     0.65566,     0.65666,     0.65766,     0.65866,     0.65966,     0.66066,     0.66166,     0.66266,     0.66366,     0.66466,     0.66567,     0.66667,     0.66767,     0.66867,     0.66967,     0.67067,     0.67167,
           0.67267,     0.67367,     0.67467,     0.67568,     0.67668,     0.67768,     0.67868,     0.67968,     0.68068,     0.68168,     0.68268,     0.68368,     0.68468,     0.68569,     0.68669,     0.68769,     0.68869,     0.68969,     0.69069,     0.69169,     0.69269,     0.69369,     0.69469,      0.6957,
            0.6967,      0.6977,      0.6987,      0.6997,      0.7007,      0.7017,      0.7027,      0.7037,      0.7047,     0.70571,     0.70671,     0.70771,     0.70871,     0.70971,     0.71071,     0.71171,     0.71271,     0.71371,     0.71471,     0.71572,     0.71672,     0.71772,     0.71872,     0.71972,
           0.72072,     0.72172,     0.72272,     0.72372,     0.72472,     0.72573,     0.72673,     0.72773,     0.72873,     0.72973,     0.73073,     0.73173,     0.73273,     0.73373,     0.73473,     0.73574,     0.73674,     0.73774,     0.73874,     0.73974,     0.74074,     0.74174,     0.74274,     0.74374,
           0.74474,     0.74575,     0.74675,     0.74775,     0.74875,     0.74975,     0.75075,     0.75175,     0.75275,     0.75375,     0.75475,     0.75576,     0.75676,     0.75776,     0.75876,     0.75976,     0.76076,     0.76176,     0.76276,     0.76376,     0.76476,     0.76577,     0.76677,     0.76777,
           0.76877,     0.76977,     0.77077,     0.77177,     0.77277,     0.77377,     0.77477,     0.77578,     0.77678,     0.77778,     0.77878,     0.77978,     0.78078,     0.78178,     0.78278,     0.78378,     0.78478,     0.78579,     0.78679,     0.78779,     0.78879,     0.78979,     0.79079,     0.79179,
           0.79279,     0.79379,     0.79479,      0.7958,      0.7968,      0.7978,      0.7988,      0.7998,      0.8008,      0.8018,      0.8028,      0.8038,      0.8048,     0.80581,     0.80681,     0.80781,     0.80881,     0.80981,     0.81081,     0.81181,     0.81281,     0.81381,     0.81481,     0.81582,
           0.81682,     0.81782,     0.81882,     0.81982,     0.82082,     0.82182,     0.82282,     0.82382,     0.82482,     0.82583,     0.82683,     0.82783,     0.82883,     0.82983,     0.83083,     0.83183,     0.83283,     0.83383,     0.83483,     0.83584,     0.83684,     0.83784,     0.83884,     0.83984,
           0.84084,     0.84184,     0.84284,     0.84384,     0.84484,     0.84585,     0.84685,     0.84785,     0.84885,     0.84985,     0.85085,     0.85185,     0.85285,     0.85385,     0.85485,     0.85586,     0.85686,     0.85786,     0.85886,     0.85986,     0.86086,     0.86186,     0.86286,     0.86386,
           0.86486,     0.86587,     0.86687,     0.86787,     0.86887,     0.86987,     0.87087,     0.87187,     0.87287,     0.87387,     0.87487,     0.87588,     0.87688,     0.87788,     0.87888,     0.87988,     0.88088,     0.88188,     0.88288,     0.88388,     0.88488,     0.88589,     0.88689,     0.88789,
           0.88889,     0.88989,     0.89089,     0.89189,     0.89289,     0.89389,     0.89489,      0.8959,      0.8969,      0.8979,      0.8989,      0.8999,      0.9009,      0.9019,      0.9029,      0.9039,      0.9049,     0.90591,     0.90691,     0.90791,     0.90891,     0.90991,     0.91091,     0.91191,
           0.91291,     0.91391,     0.91491,     0.91592,     0.91692,     0.91792,     0.91892,     0.91992,     0.92092,     0.92192,     0.92292,     0.92392,     0.92492,     0.92593,     0.92693,     0.92793,     0.92893,     0.92993,     0.93093,     0.93193,     0.93293,     0.93393,     0.93493,     0.93594,
           0.93694,     0.93794,     0.93894,     0.93994,     0.94094,     0.94194,     0.94294,     0.94394,     0.94494,     0.94595,     0.94695,     0.94795,     0.94895,     0.94995,     0.95095,     0.95195,     0.95295,     0.95395,     0.95495,     0.95596,     0.95696,     0.95796,     0.95896,     0.95996,
           0.96096,     0.96196,     0.96296,     0.96396,     0.96496,     0.96597,     0.96697,     0.96797,     0.96897,     0.96997,     0.97097,     0.97197,     0.97297,     0.97397,     0.97497,     0.97598,     0.97698,     0.97798,     0.97898,     0.97998,     0.98098,     0.98198,     0.98298,     0.98398,
           0.98498,     0.98599,     0.98699,     0.98799,     0.98899,     0.98999,     0.99099,     0.99199,     0.99299,     0.99399,     0.99499,       0.996,       0.997,       0.998,       0.999,           1]), array([[          1,           1,           1,           1,           1,     0.97727,     0.97727,     0.97727,     0.97727,     0.97727,     0.97727,     0.97727,     0.96873,      0.9553,     0.93182,     0.93182,     0.93182,     0.93182,     0.93182,     0.93182,     0.93182,     0.93182,     0.93182,
            0.93182,     0.93182,     0.93182,     0.93182,     0.93182,     0.93182,     0.93182,     0.93182,     0.93182,     0.93182,     0.93182,     0.93182,     0.93182,     0.93182,     0.93182,     0.93182,     0.93182,     0.93182,     0.93182,     0.93182,     0.92652,     0.91842,     0.91032,
            0.90909,     0.90909,     0.90909,     0.90909,     0.90909,     0.90909,     0.90909,     0.90909,     0.90909,     0.90909,     0.90909,     0.90909,     0.90909,     0.90909,     0.90909,     0.90909,     0.90909,     0.90909,     0.90909,     0.90909,     0.90909,     0.90909,     0.90909,
            0.90909,     0.90909,     0.90909,     0.90909,     0.90909,     0.90909,     0.90909,     0.90909,     0.90909,     0.90909,     0.90909,     0.90909,     0.90909,     0.90909,     0.90909,     0.90909,     0.90909,     0.90909,     0.90909,     0.90909,     0.90909,     0.90909,     0.90909,
            0.90909,     0.90909,     0.90909,     0.90909,     0.90909,     0.90909,     0.90909,     0.90909,     0.90909,     0.90909,     0.90909,     0.90909,     0.90909,     0.90909,     0.90909,     0.90909,     0.90909,     0.90909,     0.90909,     0.90909,     0.90909,     0.90909,     0.90909,
            0.90909,     0.90909,     0.90909,     0.90909,     0.90909,     0.90909,     0.90909,     0.90909,     0.90909,     0.90909,     0.90909,     0.90909,     0.90909,     0.90909,     0.90909,     0.90909,     0.90909,     0.90909,     0.90909,     0.90909,     0.90909,     0.90909,     0.90909,
            0.90909,     0.90909,     0.90909,     0.90909,     0.90909,     0.90909,     0.90909,     0.90909,     0.90909,     0.90909,     0.90909,     0.90909,     0.90909,     0.90909,     0.90909,     0.90909,     0.90909,     0.90909,     0.90909,     0.90909,     0.90909,     0.90909,     0.90909,
            0.90909,     0.90909,     0.90909,     0.90909,     0.90909,     0.90909,     0.90909,     0.90909,     0.90909,     0.90909,     0.90909,     0.90909,     0.90909,     0.90909,     0.90909,     0.90909,     0.90909,     0.90909,     0.90909,     0.90909,     0.90909,     0.90909,     0.90909,
            0.90909,     0.90909,     0.90909,     0.90909,     0.90909,     0.90909,     0.90909,     0.90909,     0.90909,     0.90909,     0.90909,     0.90909,     0.90909,     0.90909,     0.90909,     0.90909,     0.90909,     0.90909,     0.90909,     0.90909,     0.90909,     0.90909,     0.90909,
            0.90909,     0.90909,     0.90909,     0.90909,     0.90909,     0.90909,     0.90909,     0.90909,     0.90909,     0.90909,     0.90909,     0.90909,     0.90909,     0.90909,     0.90909,     0.90909,     0.90909,     0.90909,     0.90909,     0.90909,     0.90909,     0.90909,     0.90909,
            0.90909,     0.90909,     0.90909,     0.90909,     0.90909,     0.90909,     0.90909,     0.90909,     0.90909,     0.90909,     0.90909,     0.90909,     0.90909,     0.90909,     0.90909,     0.90909,     0.90909,     0.90909,     0.90909,     0.90909,     0.90909,     0.90909,     0.90909,
            0.90909,     0.90909,     0.90909,     0.90909,     0.90909,     0.90909,     0.90909,     0.90909,     0.90909,     0.90909,     0.90909,     0.90909,     0.90909,     0.90909,     0.90909,     0.90909,     0.90909,     0.90909,     0.90909,     0.90909,     0.90909,     0.90909,     0.90909,
            0.90909,     0.90909,     0.90909,     0.90909,     0.90909,     0.90909,     0.90909,     0.90909,     0.90909,     0.90909,     0.90909,     0.90909,     0.90909,     0.90909,     0.90909,     0.90909,     0.90909,     0.90909,     0.90909,     0.90909,     0.90909,     0.90909,     0.90909,
            0.90909,     0.90909,     0.90909,     0.90909,     0.90909,     0.90909,     0.90909,     0.90909,     0.90909,     0.90909,     0.90909,     0.90909,     0.90909,     0.90909,     0.90909,     0.90909,     0.90909,     0.90909,     0.90909,     0.90909,     0.90909,     0.90909,     0.90909,
            0.90909,     0.90909,     0.90909,     0.90909,     0.90909,     0.90909,     0.90909,     0.90909,     0.90909,     0.90909,     0.90909,     0.90909,     0.90909,     0.90909,     0.90909,     0.90909,     0.90909,     0.90909,     0.90909,     0.90909,     0.90909,     0.90909,     0.90909,
            0.90909,     0.90909,     0.90909,     0.90909,     0.90909,     0.90909,     0.90909,     0.90909,     0.90909,     0.90909,     0.90909,     0.90909,     0.90909,     0.90909,     0.90909,     0.90909,     0.90909,     0.90909,     0.90909,     0.90909,     0.90909,     0.90909,     0.90909,
            0.90909,     0.90909,     0.90909,     0.90909,     0.90909,     0.90909,     0.90668,     0.90263,     0.89858,     0.89453,     0.89048,     0.88642,     0.88636,     0.88636,     0.88636,     0.88636,     0.88636,     0.88636,     0.88636,     0.88636,     0.88636,     0.88636,     0.88636,
            0.88636,     0.88636,     0.88636,     0.88636,     0.88636,     0.88636,     0.88636,     0.88636,     0.88636,     0.88636,     0.88636,     0.88636,     0.88636,     0.88636,     0.88636,     0.88636,     0.88541,     0.88436,     0.88331,     0.88227,     0.88122,     0.88017,     0.87913,
            0.87808,     0.87703,     0.87599,     0.87494,     0.87389,     0.87284,      0.8718,     0.87075,      0.8697,     0.86866,     0.86761,     0.86656,     0.86552,     0.86447,     0.86323,     0.86125,     0.85926,     0.85728,      0.8553,     0.85332,     0.85133,     0.84935,     0.84737,
            0.84539,      0.8434,     0.84142,     0.84067,     0.84036,     0.84004,     0.83973,     0.83941,      0.8391,     0.83878,     0.83846,     0.83815,     0.83783,     0.83752,      0.8372,     0.83688,     0.83657,     0.83625,     0.83594,     0.83562,      0.8353,     0.83499,     0.83467,
            0.83436,     0.83404,     0.83373,     0.83341,     0.83309,     0.83278,     0.83246,     0.83215,     0.83183,     0.83151,      0.8312,     0.83088,     0.83057,     0.83025,     0.82993,     0.82962,      0.8293,     0.82899,     0.82867,     0.82836,     0.82804,     0.82772,     0.82741,
            0.82709,     0.82678,     0.82646,     0.82614,     0.82583,     0.82551,      0.8252,     0.82488,     0.82456,     0.82425,     0.82393,     0.82362,      0.8233,     0.82299,     0.82267,     0.82235,     0.82204,     0.82172,     0.82141,     0.82109,     0.82077,     0.82046,     0.82014,
            0.81983,     0.81951,     0.81919,     0.81888,     0.81856,     0.81825,     0.81818,     0.81818,     0.81818,     0.81818,     0.81818,     0.81818,     0.81818,     0.81818,     0.81818,     0.81818,     0.81818,     0.81818,     0.81818,     0.81818,     0.81818,     0.81818,     0.81818,
            0.81818,     0.81818,     0.81818,     0.81818,     0.81818,     0.81818,     0.81818,     0.81818,     0.81818,     0.81818,     0.81818,     0.81818,     0.81818,     0.81818,     0.81818,     0.81818,     0.81818,     0.81818,     0.81818,     0.81818,     0.81818,     0.81818,     0.81818,
            0.81818,     0.81818,     0.81818,     0.81818,     0.81818,     0.81818,     0.81818,     0.81818,     0.81818,     0.81818,     0.81818,     0.81818,     0.81818,     0.81818,     0.81818,     0.81818,     0.81818,     0.81818,     0.81818,     0.81818,     0.81818,     0.81818,     0.81818,
            0.81818,     0.81818,     0.81818,     0.81818,     0.81818,     0.81818,     0.81818,     0.81818,     0.81818,     0.81818,     0.81818,     0.81818,     0.81818,     0.81818,     0.81818,     0.81818,     0.81818,     0.81818,     0.81818,     0.81032,       0.801,     0.79545,     0.79545,
            0.79545,     0.79545,     0.79545,     0.79545,     0.79545,     0.79545,     0.79545,     0.79545,     0.79545,     0.79545,     0.79545,     0.79545,     0.79545,     0.79545,     0.79545,     0.79545,     0.79545,     0.79545,     0.79545,     0.79545,     0.79545,     0.79545,     0.79545,
            0.79545,     0.79545,     0.79545,     0.79545,     0.79545,     0.79503,     0.79439,     0.79374,     0.79309,     0.79245,      0.7918,     0.79115,      0.7905,     0.78986,     0.78921,     0.78856,     0.78792,     0.78727,     0.78662,     0.78597,     0.78533,     0.78468,     0.78403,
            0.78339,     0.78274,     0.78209,     0.78144,      0.7808,     0.78015,      0.7795,     0.77886,     0.77821,     0.77756,     0.77692,     0.77627,     0.77562,     0.77497,     0.77433,     0.77368,     0.77303,     0.77244,      0.7719,     0.77136,     0.77082,     0.77027,     0.76973,
            0.76919,     0.76865,     0.76811,     0.76757,     0.76702,     0.76648,     0.76594,      0.7654,     0.76486,     0.76431,     0.76377,     0.76323,     0.76269,     0.76215,     0.76161,     0.76106,     0.76052,     0.75998,     0.75944,      0.7589,     0.75836,     0.75781,     0.75727,
            0.75673,     0.75619,     0.75565,      0.7551,     0.75456,     0.75402,     0.75348,     0.75294,      0.7524,     0.75185,     0.75131,     0.75077,     0.75023,        0.75,        0.75,        0.75,        0.75,        0.75,        0.75,        0.75,        0.75,     0.74937,     0.74715,
            0.74493,     0.74271,     0.74049,     0.73827,     0.73605,     0.73384,     0.73162,      0.7294,     0.72727,     0.72727,     0.72727,     0.72727,     0.72721,     0.72674,     0.72627,      0.7258,     0.72532,     0.72485,     0.72438,     0.72391,     0.72344,     0.72297,      0.7225,
            0.72203,     0.72156,     0.72109,     0.72062,     0.72015,     0.71968,     0.71921,     0.71874,     0.71827,     0.71779,     0.71732,     0.71685,     0.71638,     0.71591,     0.71544,     0.71497,      0.7145,     0.71403,     0.71356,     0.71309,     0.71262,     0.71215,     0.71168,
            0.71121,     0.71074,     0.71026,     0.70979,     0.70932,     0.70885,     0.70838,     0.70791,     0.70744,     0.70697,      0.7065,     0.70603,     0.70556,     0.70509,     0.70462,     0.70406,     0.70348,     0.70291,     0.70233,     0.70176,     0.70118,     0.70061,     0.70003,
            0.69946,     0.69888,     0.69831,     0.69773,     0.69716,     0.69658,       0.696,     0.69543,     0.69485,     0.69428,      0.6937,     0.69313,     0.69255,     0.69198,      0.6914,     0.69083,     0.69025,     0.68968,      0.6891,     0.68853,     0.68795,     0.68738,      0.6868,
            0.68623,     0.68565,     0.68508,      0.6845,     0.68393,     0.68335,     0.68277,      0.6822,     0.68025,     0.67559,     0.67093,     0.66627,     0.66161,     0.65807,     0.65585,     0.65364,     0.65142,      0.6492,     0.64698,     0.64476,     0.64254,     0.64032,      0.6381,
            0.63636,     0.63636,     0.63636,       0.633,     0.62135,     0.61251,     0.60919,     0.60586,     0.60253,      0.5992,     0.59587,     0.59255,     0.58753,     0.58087,     0.57421,     0.56804,     0.56654,     0.56503,     0.56353,     0.56203,     0.56053,     0.55902,     0.55752,
            0.55602,     0.55451,     0.55301,     0.55151,     0.55001,      0.5485,       0.547,      0.5455,      0.5195,     0.51285,     0.50619,     0.49946,     0.49169,     0.48393,     0.47594,     0.46662,      0.4573,     0.42817,       0.423,     0.41782,     0.41264,     0.40665,     0.39889,
            0.39112,     0.36832,     0.36189,     0.35995,     0.35801,     0.35607,     0.35412,     0.35218,     0.35024,      0.3483,     0.34636,     0.34442,     0.34248,     0.33195,     0.31545,     0.31156,     0.30768,      0.3038,     0.29992,     0.29603,      0.2905,     0.28467,     0.27885,
            0.27303,     0.26904,     0.26516,     0.26128,      0.2574,     0.25351,     0.24911,     0.23979,     0.23048,     0.21198,      0.1982,     0.18888,       0.179,     0.16735,     0.15571,     0.14406,     0.13109,     0.11556,    0.085807,    0.079983,    0.074159,    0.068335,    0.053061,
           0.044662,    0.043109,    0.041556,    0.040003,     0.03845,    0.036897,    0.035344,    0.033791,    0.032238,    0.030684,    0.029131,    0.027578,    0.026025,    0.024472,    0.022919,           0,           0,           0,           0,           0,           0,           0,           0,
                  0,           0,           0,           0,           0,           0,           0,           0,           0,           0,           0,           0,           0,           0,           0,           0,           0,           0,           0,           0,           0,           0,           0,
                  0,           0,           0,           0,           0,           0,           0,           0,           0,           0,           0,           0,           0,           0,           0,           0,           0,           0,           0,           0,           0,           0,           0,
                  0,           0,           0,           0,           0,           0,           0,           0,           0,           0,           0]]), 'Confidence', 'Recall']]
fitness: 0.6274687485319429
keys: ['metrics/precision(B)', 'metrics/recall(B)', 'metrics/mAP50(B)', 'metrics/mAP50-95(B)']
maps: array([    0.62747])
names: {0: 'organoid'}
nt_per_class: array([44])
nt_per_image: array([17])
results_dict: {'metrics/precision(B)': 0.8263888638538499, 'metrics/recall(B)': 0.9090909090909091, 'metrics/mAP50(B)': 0.9250579575783637, 'metrics/mAP50-95(B)': 0.6274687485319429, 'fitness': 0.6274687485319429}
save_dir: WindowsPath('D:/Git/autoSCAPE/docs/notebooks/runs/detect/train11')
speed: {'preprocess': 0.0470117648707374, 'inference': 1.3815588249331887, 'loss': 0.00037058934514575144, 'postprocess': 0.10778823600369779}
stats: {'tp': [], 'conf': [], 'pred_cls': [], 'target_cls': [], 'target_img': []}